Date,Type,Confirmation code,Booking date,Start date,End date,Nights,Guest,Listing,Details,Reference code,Currency,Amount,Service fee,Cleaning fee,Gross earnings,Airbnb remitted tax,Earnings year
09/02/2026,Reservation,HMHNQ8YNDQ,08/05/2026,09/01/2026,09/05/2026,4,Liz Scales,Nashville Legendz: Rooftop Deck,,,USD,1124.45,206.26,339.00,1330.71,232.89,
09/05/2026,Reservation,HMHCZDAQTQ,01/20/2026,09/04/2026,09/07/2026,3,Natasha Kravchenko,The Sapphire House: Rooftop Deck,,,USD,2054.46,63.54,295.00,2118.00,391.42,
09/05/2026,Reservation,HMEM8NQW4D,10/06/2025,09/04/2026,09/07/2026,3,Hannah Johnson,The Swiftie Suite: Rooftop Deck,,,USD,2128.18,65.82,295.00,2194.00,405.19,
09/05/2026,Reservation,HM538ZDN9C,05/06/2026,09/04/2026,09/07/2026,3,Gina Flores,Dolly’s Pink Palace: Rooftop Deck,,,USD,2054.46,63.54,295.00,2118.00,391.42,
09/05/2026,Reservation,HMWBNR54JN,05/15/2026,09/04/2026,09/07/2026,3,Leon Nelson,Johnny Cash's Ring of Fire Retreat: Rooftop Deck,,,USD,1608.26,49.74,295.00,1658.00,308.04,
09/06/2026,Reservation,HM3RBEXSZX,07/31/2026,09/05/2026,09/07/2026,2,Tiffany Bowman,Nashville Legendz: Rooftop Deck,,,USD,868.47,159.30,339.00,1027.77,177.15,
09/06/2026,Reservation,HM3D5PHKXK,08/04/2026,09/05/2026,09/07/2026,2,Neal Atkins,The Wild West - Nashville: Rooftop Deck,,,USD,821.24,150.64,339.00,971.88,167.79,
09/13/2026,Reservation,HMZYJ4DSSB,08/03/2026,09/12/2026,09/15/2026,3,Hailey Torres,Johnny Cash's Ring of Fire Retreat: Rooftop Deck,,,USD,1010.70,185.39,339.00,1196.09,207.85,
09/14/2026,Reservation,HM5Y2XSBEW,01/20/2026,09/13/2026,09/16/2026,3,Alyssa Brown,The Swiftie Suite: Rooftop Deck,,,USD,940.90,29.10,295.00,970.00,183.33,
09/18/2026,Resolution Payout,HMJTQD8DAY,,09/17/2026,09/20/2026,3,Nicole Maguire,The Sapphire House: Rooftop Deck,Resolution payout for resolution CLA-PMBA5T8RHE - Reservation HMJTQD8DAY,,USD,175.00,,,175.00,,
09/18/2026,Reservation,HMJTQD8DAY,06/11/2025,09/17/2026,09/20/2026,3,Nicole Maguire,The Sapphire House: Rooftop Deck,,,USD,2201.90,68.10,295.00,2270.00,418.97,
09/18/2026,Reservation,HM4TXT5DNX,08/03/2026,09/17/2026,09/21/2026,4,Robert Graves,The Wild West - Nashville: Rooftop Deck,,,USD,1641.16,301.04,339.00,1942.20,335.32,
09/18/2026,Reservation,HM8TJJWWTS,08/14/2026,09/17/2026,09/21/2026,4,Jackelin Castro,Nashville Legendz: Rooftop Deck,,,USD,1445.91,265.23,339.00,1711.14,296.62,
09/19/2026,Resolution Payout,HMNZ2HTKHX,,09/18/2026,09/21/2026,3,Victoria Hoff,Johnny Cash's Ring of Fire Retreat: Rooftop Deck,Resolution payout for resolution CLA-MRBQ92PMAT - Reservation HMNZ2HTKHX,,USD,150.00,,,150.00,,
09/19/2026,Resolution Payout,HMXRB4BJWW,,09/18/2026,09/20/2026,2,Tiffany Redmon,Dolly’s Pink Palace: Rooftop Deck,Resolution payout for resolution CLA-5PXTRTYPHD - Reservation HMXRB4BJWW,,USD,150.00,,,150.00,,
09/19/2026,Reservation,HMNZ2HTKHX,07/18/2026,09/18/2026,09/21/2026,3,Victoria Hoff,Johnny Cash's Ring of Fire Retreat: Rooftop Deck,,,USD,1384.95,254.05,339.00,1639.00,282.03,
09/19/2026,Reservation,HMXRB4BJWW,08/05/2026,09/18/2026,09/20/2026,2,Tiffany Redmon,Dolly’s Pink Palace: Rooftop Deck,,,USD,1300.54,238.56,339.00,1539.10,262.80,
09/20/2026,Reservation,HMDRNZ5TXJ,07/16/2026,09/19/2026,09/22/2026,3,Desiree Murillo,The Swiftie Suite: Rooftop Deck,,,USD,1329.35,243.85,339.00,1573.20,271.01,
09/23/2026,Reservation,HMCPZFKH5D,06/05/2026,09/22/2026,09/29/2026,7,Sherry Kauffman,The Wild West - Nashville: Rooftop Deck,,,USD,2246.03,69.47,295.00,2315.50,437.22,
09/25/2026,Resolution Payout,HMND2Y8DQX,,09/24/2026,09/27/2026,3,Alexa Taylor,The Sapphire House: Rooftop Deck,Resolution payout for resolution CLA-RRKSXNH8S5 - Reservation HMND2Y8DQX,,USD,150.00,,,150.00,,
09/25/2026,Reservation,HMND2Y8DQX,02/07/2026,09/24/2026,09/27/2026,3,Alexa Taylor,The Sapphire House: Rooftop Deck,,,USD,2078.71,64.29,295.00,2143.00,395.95,
09/25/2026,Reservation,HMS8HMKRAQ,11/01/2025,09/24/2026,09/27/2026,3,Kimberly Notestine,The Swiftie Suite: Rooftop Deck,,,USD,2128.18,65.82,295.00,2194.00,405.19,
10/02/2026,Resolution Payout,HMT233FQ54,,10/01/2026,10/05/2026,4,Sandra Kriza,The Swiftie Suite: Rooftop Deck,Resolution payout for resolution CLA-ZQ85SJEWSK - Reservation HMT233FQ54,,USD,150.00,,,150.00,,
10/02/2026,Reservation,HMT233FQ54,11/27/2025,10/01/2026,10/05/2026,4,Sandra Kriza,The Swiftie Suite: Rooftop Deck,,,USD,2346.43,72.57,295.00,2419.00,448.48,
10/08/2026,Reservation,HMWY52TER5,06/12/2026,10/07/2026,10/09/2026,2,Caroline Fields,Johnny Cash's Ring of Fire Retreat: Rooftop Deck,,,USD,672.21,20.79,295.00,693.00,130.62,
10/08/2026,Reservation,HMM5XTQJPJ,07/22/2026,10/07/2026,10/12/2026,5,Mark Hovis,The Wild West - Nashville: Rooftop Deck,,,USD,2051.66,376.34,339.00,2428.00,419.19,
10/09/2026,Reservation,HMXNMJAQ4X,04/08/2026,10/08/2026,10/11/2026,3,Danielle Baldwin,The Sapphire House: Rooftop Deck,,,USD,1986.75,61.45,295.00,2048.20,378.77,
10/09/2026,Reservation,HMYJMZMQD9,06/20/2026,10/08/2026,10/12/2026,4,Lesa Field,The Swiftie Suite: Rooftop Deck,,,USD,2321.21,71.79,295.00,2393.00,443.77,
10/09/2026,Reservation,HMEMS9PSHJ,06/03/2026,10/08/2026,10/12/2026,4,Madison Grady,Dolly’s Pink Palace: Rooftop Deck,,,USD,1935.15,59.85,295.00,1995.00,371.62,
10/09/2026,Reservation,HM5HSRKT3Y,08/22/2026,10/08/2026,10/10/2026,2,Derrick Mansfield,Nashville Legendz: Rooftop Deck,,,USD,834.93,153.15,339.00,988.08,170.50,
10/10/2026,Reservation,HMRFTANSZH,07/27/2026,10/09/2026,10/12/2026,3,Nicholas DeFord,Johnny Cash's Ring of Fire Retreat: Rooftop Deck,,,USD,1643.52,301.48,339.00,1945.00,333.29,
10/11/2026,Reservation,HMP583YM4Y,07/23/2026,10/10/2026,10/12/2026,2,Carly Kisser,Nashville Legendz: Rooftop Deck,,,USD,1061.32,194.68,339.00,1256.00,215.38,
10/14/2026,Reservation,HMM4H9HK5W,02/22/2026,10/13/2026,10/17/2026,4,Rachel Durden,The Sapphire House: Rooftop Deck,,,USD,1740.18,53.82,295.00,1794.00,335.19,
10/15/2026,Resolution Payout,HMXKCQRPBE,,10/14/2026,10/18/2026,4,Taydene Sandbloom,The Wild West - Nashville: Rooftop Deck,Resolution payout for resolution CLA-3NN45SFK9M - Reservation HMXKCQRPBE,,USD,150.00,,,150.00,,
10/15/2026,Reservation,HMSTXHJHFR,03/23/2026,10/14/2026,10/19/2026,5,Elizabeth Morley,Johnny Cash's Ring of Fire Retreat: Rooftop Deck,,,USD,2029.24,62.76,295.00,2092.00,391.71,
10/15/2026,Reservation,HMXKCQRPBE,07/10/2026,10/14/2026,10/18/2026,4,Taydene Sandbloom,The Wild West - Nashville: Rooftop Deck,,,USD,1859.00,341.00,339.00,2200.00,378.50,
10/16/2026,Reservation,HM3BZRJNY9,07/18/2026,10/15/2026,10/18/2026,3,Kristin Lane,The Swiftie Suite: Rooftop Deck,,,USD,2103.20,385.80,339.00,2489.00,424.41,
10/16/2026,Reservation,HMAT4KED2C,08/10/2026,10/15/2026,10/18/2026,3,Allison Scott,Nashville Legendz: Rooftop Deck,,,USD,1643.52,301.48,339.00,1945.00,333.29,
10/18/2026,Reservation,HMPSNX2R4F,07/06/2026,10/17/2026,10/19/2026,2,Leah Barnett,The Sapphire House: Rooftop Deck,,,USD,1037.90,32.10,295.00,1070.00,198.95,
10/19/2026,Resolution Payout,HMTA9CSMWH,,10/18/2026,10/21/2026,3,Shandy Teagarden,Dolly’s Pink Palace: Rooftop Deck,Resolution payout for resolution CLA-8SHRS8BACP - Reservation HMTA9CSMWH,,USD,150.00,,,150.00,,
10/19/2026,Reservation,HMTA9CSMWH,08/26/2026,10/18/2026,10/21/2026,3,Shandy Teagarden,Dolly’s Pink Palace: Rooftop Deck,,,USD,940.48,172.52,339.00,1113.00,193.93,
10/23/2026,Resolution Payout,HMSPA3Y32K,,10/22/2026,10/26/2026,4,Calie Carlson,The Swiftie Suite: Rooftop Deck,Resolution payout for resolution CLA-YFK24QMP5P - Reservation HMSPA3Y32K,,USD,175.00,,,175.00,,
10/23/2026,Reservation,HMSPA3Y32K,11/30/2025,10/22/2026,10/26/2026,4,Calie Carlson,The Swiftie Suite: Rooftop Deck,,,USD,2176.68,67.32,295.00,2244.00,416.76,
10/24/2026,Resolution Payout,HMSPA3Y32K,,10/22/2026,10/26/2026,4,Calie Carlson,The Swiftie Suite: Rooftop Deck,Resolution payout for resolution CLA-QPSA9Q5NFK - Reservation HMSPA3Y32K,,USD,175.00,,,175.00,,
10/24/2026,Reservation,HMZ3TJ334B,06/07/2026,10/23/2026,10/26/2026,3,Tina Kaskela,Dolly’s Pink Palace: Rooftop Deck,,,USD,2079.68,64.32,295.00,2144.00,396.13,
11/06/2026,Reservation,HMSMDXXBS9,01/26/2026,11/05/2026,11/08/2026,3,Lindsie Reinhold,The Swiftie Suite: Rooftop Deck,,,USD,1959.40,60.60,295.00,2020.00,373.66,
11/06/2026,Reservation,HM28J8N5WQ,05/06/2026,11/05/2026,11/09/2026,4,Christi Dingman,Johnny Cash's Ring of Fire Retreat: Rooftop Deck,,,USD,1448.21,44.79,295.00,1493.00,280.63,
11/13/2026,Reservation,HM2E2EEA8H,08/09/2026,11/12/2026,11/15/2026,3,Veronica Trujillo,Dolly’s Pink Palace: Rooftop Deck,,,USD,1863.22,341.78,339.00,2205.00,376.84,
12/04/2026,Reservation,HMDZ22RHED,12/29/2025,12/03/2026,12/06/2026,3,Shannon Gonzalez,Johnny Cash's Ring of Fire Retreat: Rooftop Deck,,,USD,1061.37,32.83,295.00,1094.20,205.84,
12/20/2026,Reservation,HMS4TZZ83W,01/27/2026,12/19/2026,12/22/2026,3,Mellissa Goad,The Sapphire House: Rooftop Deck,,,USD,1304.65,40.35,295.00,1345.00,251.30,
12/27/2026,Reservation,HMA2YA8CMD,01/07/2026,12/26/2026,12/29/2026,3,Kaela Ramsawak,Dolly’s Pink Palace: Rooftop Deck,,,USD,1328.90,41.10,295.00,1370.00,255.83,
12/31/2026,Reservation,HMBDH5QDET,01/08/2026,12/30/2026,01/02/2027,3,Jessica Maggard,Johnny Cash's Ring of Fire Retreat: Rooftop Deck,,,USD,1060.21,32.79,295.00,1093.00,205.62,
01/03/2027,Reservation,HMN52TAFWT,08/25/2026,01/02/2027,01/06/2027,4,Sarah Abel,Dolly’s Pink Palace: Rooftop Deck,,,USD,1546.35,283.65,339.00,1830.00,316.53,
01/13/2027,Reservation,HMD8C3AMMC,05/16/2026,01/12/2027,01/15/2027,3,Alexia Amadeo,The Swiftie Suite: Rooftop Deck,,,USD,940.90,29.10,295.00,970.00,183.33,
03/11/2027,Reservation,HMRHJXTB5F,07/08/2026,03/10/2027,03/14/2027,4,Tanya Spell,Dolly’s Pink Palace: Rooftop Deck,,,USD,2394.93,74.07,295.00,2469.00,457.54,
03/12/2027,Reservation,HMXP4SQDR3,07/06/2026,03/11/2027,03/14/2027,3,Kevin Roose,The Sapphire House: Rooftop Deck,,,USD,2201.90,68.10,295.00,2270.00,418.97,
03/18/2027,Reservation,HMEZRKTR9N,08/17/2026,03/17/2027,03/21/2027,4,Janae Bell,The Swiftie Suite: Rooftop Deck,,,USD,2371.91,435.09,339.00,2807.00,480.17,
03/25/2027,Reservation,HMK3DXDHMK,02/21/2026,03/24/2027,03/28/2027,4,Amanda Eager,The Swiftie Suite: Rooftop Deck,,,USD,2177.65,67.35,295.00,2245.00,416.94,
05/05/2027,Reservation,HM29P5T2E2,07/28/2026,05/04/2027,05/07/2027,3,Bryonnia Decker,The Sapphire House: Rooftop Deck,,,USD,940.48,172.52,339.00,1113.00,193.93,
05/07/2027,Reservation,HMXB2Q2R2B,01/15/2026,05/06/2027,05/09/2027,3,Halie Garrison,The Swiftie Suite: Rooftop Deck,,,USD,1959.40,60.60,295.00,2020.00,373.66,
