Date,Arriving by date,Type,Confirmation code,Booking date,Start date,End date,Nights,Guest,Listing,Details,Reference code,Currency,Amount,Paid out,Service fee,Fast pay fee,Cleaning fee,Gross earnings,Airbnb remitted tax,Earnings year
08/31/2026,09/07/2026,Payout,,,,,,,,"Transfer to Pink Cowgirl Vacation Rentals LLC, Checking 5751 (USD)",M-YT7L3HHYLQYYF,USD,,828.60,,,,,,
08/31/2026,,Reservation,HMEQ3AHXPA,08/08/2026,08/28/2026,08/30/2026,2,Amar Jahic,Johnny Cash's Ring of Fire Retreat: Rooftop Deck,,,USD,828.60,,151.99,,339.00,980.59,169.25,2026
08/28/2026,09/04/2026,Payout,,,,,,,,"Transfer to Pink Cowgirl Vacation Rentals LLC, Checking 5751 (USD)",M-ZQDB6DXF4GLR2,USD,,2427.32,,,,,,
08/28/2026,,Reservation,HMAHBTKHBB,07/03/2026,08/27/2026,08/30/2026,3,Maddy Ross,The Sapphire House: Rooftop Deck,,,USD,1429.61,,44.21,,295.00,1473.82,274.65,2026
08/28/2026,,Reservation,HM8PFKJ9W2,07/30/2026,08/27/2026,08/30/2026,3,Megan Harwell,The Wild West - Nashville: Rooftop Deck,,,USD,997.71,,183.01,,339.00,1180.72,205.27,2026
08/24/2026,09/01/2026,Payout,,,,,,,,"Transfer to Pink Cowgirl Vacation Rentals LLC, Checking 5751 (USD)",M-CEGGINJDI5ARF,USD,,2927.30,,,,,,
08/24/2026,,Reservation,HM5D9QCFFA,01/07/2026,08/21/2026,08/24/2026,3,Julie Littlejohn,The Swiftie Suite: Rooftop Deck,,,USD,2128.18,,65.82,,295.00,2194.00,405.19,2026
08/24/2026,,Reservation,HMH8YS9K88,08/04/2026,08/21/2026,08/23/2026,2,Easton Kirby,Dolly’s Pink Palace: Rooftop Deck,,,USD,799.12,,146.58,,339.00,945.70,163.40,2026
08/24/2026,08/31/2026,Payout,,,,,,,,"Transfer to Pink Cowgirl Vacation Rentals LLC, Checking 5751 (USD)",M-OSGPZNNAJNGXF,USD,,175.00,,,,,,
08/24/2026,,Resolution Payout,HM5D9QCFFA,,08/21/2026,08/24/2026,3,Julie Littlejohn,The Swiftie Suite: Rooftop Deck,Resolution payout for resolution CLA-XXJS9WP8FF - Reservation HM5D9QCFFA,,USD,175.00,,,,,175.00,,2026
08/21/2026,08/28/2026,Payout,,,,,,,,"Transfer to Pink Cowgirl Vacation Rentals LLC, Checking 5751 (USD)",M-RLVB3OTKMDNHN,USD,,1036.00,,,,,,
08/21/2026,,Reservation,HM5BXKT8PC,08/02/2026,08/20/2026,08/23/2026,3,Patty Johnson,The Sapphire House: Rooftop Deck,,,USD,1036.00,,190.04,,339.00,1226.04,212.86,2026
08/18/2026,08/25/2026,Payout,,,,,,,,"Transfer to Pink Cowgirl Vacation Rentals LLC, Checking 5751 (USD)",M-LB5JXM4DDN6ID,USD,,100.00,,,,,,
08/18/2026,,Resolution Payout,HM9353HBC5,,07/30/2026,08/02/2026,3,Megan Mckillips,The Swiftie Suite: Rooftop Deck,AirCover damage reimbursement for resolution CLSF-06354204,,USD,100.00,,,,,100.00,,2026
08/17/2026,08/24/2026,Payout,,,,,,,,"Transfer to Pink Cowgirl Vacation Rentals LLC, Checking 5751 (USD)",M-N2B45RSU6LD7F,USD,,840.10,,,,,,
08/17/2026,,Reservation,HMPBYMSCNT,08/04/2026,08/14/2026,08/16/2026,2,Jacquelyn Ruffin,The Swiftie Suite: Rooftop Deck,,,USD,840.10,,154.10,,339.00,994.20,171.53,2026
08/14/2026,08/21/2026,Payout,,,,,,,,"Transfer to Pink Cowgirl Vacation Rentals LLC, Checking 5751 (USD)",M-LIFWACCEUCZNK,USD,,6697.06,,,,,,
08/14/2026,,Reservation,HMHD4E9TSW,02/25/2026,08/13/2026,08/16/2026,3,Phoebe McCann,The Sapphire House: Rooftop Deck,,,USD,2078.71,,64.29,,295.00,2143.00,395.95,2026
08/14/2026,,Reservation,HMJTNJZ823,07/14/2026,08/13/2026,08/17/2026,4,Brian Keilman,The Wild West - Nashville: Rooftop Deck,,,USD,1262.01,,231.49,,339.00,1493.50,260.16,2026
08/14/2026,,Reservation,HMEPDFN9XF,07/24/2026,08/13/2026,08/16/2026,3,Jenea Chavez,Dolly’s Pink Palace: Rooftop Deck,,,USD,1180.04,,216.46,,339.00,1396.50,241.41,2026
08/14/2026,,Reservation,HMTK89NHXR,07/26/2026,08/13/2026,08/16/2026,3,Crystal Munford,Nashville Legendz: Rooftop Deck,,,USD,1110.37,,203.68,,339.00,1314.05,227.60,2026
08/14/2026,,Reservation,HMAY5BCCQX,07/23/2026,08/13/2026,08/16/2026,3,Tracy Jones,Johnny Cash's Ring of Fire Retreat: Rooftop Deck,,,USD,1065.93,,195.53,,339.00,1261.46,218.79,2026
08/14/2026,08/21/2026,Payout,,,,,,,,"Transfer to Pink Cowgirl Vacation Rentals LLC, Checking 5751 (USD)",M-VUSBBVVH4VDJV,USD,,250.00,,,,,,
08/14/2026,,Resolution Payout,HMTK89NHXR,,08/13/2026,08/16/2026,3,Crystal Munford,Nashville Legendz: Rooftop Deck,Resolution payout for resolution CLA-JFSHKJFY9T - Reservation HMTK89NHXR,,USD,150.00,,,,,150.00,,2026
08/14/2026,,Resolution Payout,HMEPDFN9XF,,08/13/2026,08/16/2026,3,Jenea Chavez,Dolly’s Pink Palace: Rooftop Deck,Resolution payout for resolution CLA-ZJFR3MQ9C5 - Reservation HMEPDFN9XF,,USD,100.00,,,,,100.00,,2026
08/11/2026,08/19/2026,Payout,,,,,,,,"Transfer to Pink Cowgirl Vacation Rentals LLC, Checking 5751 (USD)",M-Y2JYKBVJO5SW7,USD,,100.00,,,,,,
08/11/2026,,Resolution Payout,HMDSBCMWTZ,,07/29/2026,08/01/2026,3,Maryann Brame,The Sapphire House: Rooftop Deck,AirCover damage reimbursement for resolution CLSF-06324249,,USD,100.00,,,,,100.00,,2026
08/10/2026,08/17/2026,Payout,,,,,,,,"Transfer to Pink Cowgirl Vacation Rentals LLC, Checking 5751 (USD)",G-LGNKHXLAMCWN2,USD,,2383.23,,,,,,
08/10/2026,,Reservation,HMXJWNT5RW,06/25/2026,08/07/2026,08/09/2026,2,Maria Arcibar,The Sapphire House: Rooftop Deck,,,USD,1422.21,,43.99,,295.00,1466.20,270.77,2026
08/10/2026,,Reservation,HMNT9EF4Y2,07/15/2026,08/07/2026,08/09/2026,2,Ivonne Fraire,Dolly’s Pink Palace: Rooftop Deck,,,USD,961.02,,176.28,,339.00,1137.30,195.50,2026
08/07/2026,08/14/2026,Payout,,,,,,,,"Transfer to Pink Cowgirl Vacation Rentals LLC, Checking 5751 (USD)",G-RQBXX2RXASO4E,USD,,3525.51,,,,,,
08/07/2026,,Reservation,HMHKS5TFMN,11/15/2025,08/06/2026,08/09/2026,3,Jessica Frech,The Swiftie Suite: Rooftop Deck,,,USD,2128.18,,65.82,,295.00,2194.00,405.19,2026
08/07/2026,,Reservation,HMHAJXWAQC,08/05/2026,08/06/2026,08/12/2026,6,Damian Bibb,Nashville Legendz: Rooftop Deck,,,USD,1397.33,,256.31,,339.00,1653.64,291.98,2026
08/04/2026,08/12/2026,Payout,,,,,,,,"Transfer to Pink Cowgirl Vacation Rentals LLC, Checking 5751 (USD)",G-QIVH2OPL5D35V,USD,,887.55,,,,,,
08/04/2026,,Reservation,HMZW533BBF,07/27/2026,08/03/2026,08/07/2026,4,Peyton Whitt,The Wild West - Nashville: Rooftop Deck,,,USD,887.55,,162.81,,339.00,1050.36,185.94,2026
07/31/2026,08/07/2026,Payout,,,,,,,,"Transfer to Pink Cowgirl Vacation Rentals LLC, Checking 5751 (USD)",G-Z3JO4SXU4IBGA,USD,,3026.19,,,,,,
07/31/2026,,Reservation,HM9353HBC5,12/31/2025,07/30/2026,08/02/2026,3,Megan Mckillips,The Swiftie Suite: Rooftop Deck,,,USD,2128.18,,65.82,,295.00,2194.00,405.19,2026
07/31/2026,,Reservation,HMSMBREFJZ,07/10/2026,07/30/2026,08/02/2026,3,Sophie McAnelly,Dolly’s Pink Palace: Rooftop Deck,,,USD,898.01,,164.72,,339.00,1062.73,185.51,2026
07/30/2026,08/07/2026,Payout,,,,,,,,"Transfer to Pink Cowgirl Vacation Rentals LLC, Checking 5751 (USD)",G-2ZJOK6JESKDF4,USD,,2751.89,,,,,,
07/30/2026,,Reservation,HMY4NYFNZ9,03/04/2026,07/29/2026,08/01/2026,3,Allison Angell,Johnny Cash's Ring of Fire Retreat: Rooftop Deck,,,USD,1254.21,,38.79,,295.00,1293.00,241.88,2026
07/30/2026,,Reservation,HMDSBCMWTZ,10/06/2025,07/29/2026,08/01/2026,3,Maryann Brame,The Sapphire House: Rooftop Deck,,,USD,1497.68,,46.32,,295.00,1544.00,287.37,2026
07/30/2026,08/07/2026,Payout,,,,,,,,"Transfer to Pink Cowgirl Vacation Rentals LLC, Checking 5751 (USD)",G-2W73HRMOMMIL6,USD,,150.00,,,,,,
07/30/2026,,Resolution Payout,HMDSBCMWTZ,,07/29/2026,08/01/2026,3,Maryann Brame,The Sapphire House: Rooftop Deck,Resolution payout for resolution CLA-KRWE22KYR4 - Reservation HMDSBCMWTZ,,USD,150.00,,,,,150.00,,2026
07/27/2026,08/03/2026,Payout,,,,,,,,"Transfer to Pink Cowgirl Vacation Rentals LLC, Checking 5751 (USD)",G-MEPCJHWKVIEP4,USD,,150.00,,,,,,
07/27/2026,,Resolution Payout,HMSTXHMH2M,,07/23/2026,07/26/2026,3,Karina Dhillon,The Swiftie Suite: Rooftop Deck,Resolution payout for resolution CLA-SYXJZ8PYXB - Reservation HMSTXHMH2M,,USD,150.00,,,,,150.00,,2026
07/27/2026,08/03/2026,Payout,,,,,,,,"Transfer to Pink Cowgirl Vacation Rentals LLC, Checking 5751 (USD)",G-N6M5FYVEC4ITF,USD,,100.00,,,,,,
07/27/2026,,Resolution Payout,HMT92RFP4T,,07/24/2026,07/26/2026,2,Camille Terry,Johnny Cash's Ring of Fire Retreat: Rooftop Deck,Resolution payout for resolution CLA-WS5PW4SJF5 - Reservation HMT92RFP4T,,USD,100.00,,,,,100.00,,2026
07/27/2026,08/03/2026,Payout,,,,,,,,"Transfer to Pink Cowgirl Vacation Rentals LLC, Checking 5751 (USD)",G-FZDNDJ6PTPVJ3,USD,,894.81,,,,,,
07/27/2026,,Reservation,HMT92RFP4T,07/01/2026,07/24/2026,07/26/2026,2,Camille Terry,Johnny Cash's Ring of Fire Retreat: Rooftop Deck,,,USD,894.81,,27.67,,295.00,922.48,172.21,2026
07/24/2026,07/31/2026,Payout,,,,,,,,"Transfer to Pink Cowgirl Vacation Rentals LLC, Checking 5751 (USD)",G-CF4YU25FQD6M5,USD,,4467.49,,,,,,
07/24/2026,,Reservation,HMSTXHMH2M,06/09/2026,07/23/2026,07/26/2026,3,Karina Dhillon,The Swiftie Suite: Rooftop Deck,,,USD,1505.92,,46.58,,295.00,1552.50,290.64,2026
07/24/2026,,Reservation,HMK3W9R9YJ,05/24/2026,07/23/2026,07/26/2026,3,Isabella Rhinehart,Dolly’s Pink Palace: Rooftop Deck,,,USD,1854.06,,57.34,,295.00,1911.40,353.97,2026
07/24/2026,,Reservation,HMEHWEC523,07/06/2026,07/23/2026,07/26/2026,3,Kristyn McAllister,The Wild West - Nashville: Rooftop Deck,,,USD,1107.51,,34.25,,295.00,1141.76,214.46,2026
07/23/2026,07/31/2026,Payout,,,,,,,,"Transfer to Pink Cowgirl Vacation Rentals LLC, Checking 5751 (USD)",G-5BA3NVLSJ2EDU,USD,,1411.35,,,,,,
07/23/2026,,Reservation,HM4HJDN85E,06/22/2025,07/22/2026,07/26/2026,4,Lexis Kline,Nashville Legendz: Rooftop Deck,,,USD,1411.35,,43.65,,295.00,1455.00,273.74,2026
07/17/2026,07/24/2026,Payout,,,,,,,,"Transfer to Pink Cowgirl Vacation Rentals LLC, Checking 5751 (USD)",G-LEYM2E2HIJBII,USD,,4206.89,,,,,,
07/17/2026,,Reservation,HMBQSCZM4T,01/13/2026,07/16/2026,07/19/2026,3,Alex Brown,The Swiftie Suite: Rooftop Deck,,,USD,2128.18,,65.82,,295.00,2194.00,405.19,2026
07/17/2026,,Reservation,HMYBMXD3TW,03/16/2026,07/16/2026,07/19/2026,3,Morgan Follin,The Sapphire House: Rooftop Deck,,,USD,2078.71,,64.29,,295.00,2143.00,395.95,2026
07/17/2026,07/24/2026,Payout,,,,,,,,"Transfer to Pink Cowgirl Vacation Rentals LLC, Checking 5751 (USD)",G-BBQ7WP5CSV6VE,USD,,150.00,,,,,,
07/17/2026,,Resolution Payout,HMBQSCZM4T,,07/16/2026,07/19/2026,3,Alex Brown,The Swiftie Suite: Rooftop Deck,Resolution payout for resolution CLA-W4E4J2ZJBK - Reservation HMBQSCZM4T,,USD,150.00,,,,,150.00,,2026
07/16/2026,07/24/2026,Payout,,,,,,,,"Transfer to Pink Cowgirl Vacation Rentals LLC, Checking 5751 (USD)",G-ZA3HPQDLAK6TF,USD,,5105.77,,,,,,
07/16/2026,,Reservation,HMD5TXDJ25,05/22/2026,07/15/2026,07/21/2026,6,Connie Hagan,The Wild West - Nashville: Rooftop Deck,,,USD,2052.52,,63.48,,295.00,2116.00,398.56,2026
07/16/2026,,Reservation,HM9RF2SQY2,06/28/2026,07/15/2026,07/19/2026,4,Cerita Leonard,Johnny Cash's Ring of Fire Retreat: Rooftop Deck,,,USD,1242.26,,38.42,,295.00,1280.68,242.14,2026
07/16/2026,,Reservation,HM3QZZYMYR,06/09/2026,07/15/2026,07/20/2026,5,Connie Hagan,Nashville Legendz: Rooftop Deck,,,USD,1810.99,,56.01,,295.00,1867.00,350.92,2026
07/10/2026,07/17/2026,Payout,,,,,,,,"Transfer to Pink Cowgirl Vacation Rentals LLC, Checking 5751 (USD)",G-MHJWRBEXVSLNO,USD,,2346.43,,,,,,
07/10/2026,,Reservation,HMAF3DZWHF,12/31/2025,07/09/2026,07/13/2026,4,Caroline Jarrett,The Swiftie Suite: Rooftop Deck,,,USD,2346.43,,72.57,,295.00,2419.00,448.48,2026
07/10/2026,07/17/2026,Payout,,,,,,,,"Transfer to Pink Cowgirl Vacation Rentals LLC, Checking 5751 (USD)",G-7UQE3HXHCOHLS,USD,,150.00,,,,,,
07/10/2026,,Resolution Payout,HMAF3DZWHF,,07/09/2026,07/13/2026,4,Caroline Jarrett,The Swiftie Suite: Rooftop Deck,Resolution payout for resolution CLA-39B4Y9554Q - Reservation HMAF3DZWHF,,USD,150.00,,,,,150.00,,2026
07/02/2026,07/10/2026,Payout,,,,,,,,"Transfer to Pink Cowgirl Vacation Rentals LLC, Checking 5751 (USD)",G-P5LDUAQ4IVGAY,USD,,2346.43,,,,,,
07/02/2026,,Reservation,HMZDFMH588,10/17/2025,07/01/2026,07/05/2026,4,Jasmine Madrigal,The Swiftie Suite: Rooftop Deck,,,USD,2346.43,,72.57,,295.00,2419.00,448.48,2026
06/29/2026,07/07/2026,Payout,,,,,,,,"Transfer to Pink Cowgirl Vacation Rentals LLC, Checking 5751 (USD)",G-KZ22EAXFJSX4U,USD,,1865.60,,,,,,
06/29/2026,,Reservation,HMB9WKN3XY,04/18/2026,06/28/2026,07/01/2026,3,Vivien Barr,Johnny Cash's Ring of Fire Retreat: Rooftop Deck,,,USD,807.33,,24.97,,295.00,832.30,159.29,2026
06/29/2026,,Reservation,HMR4SAYR5C,04/20/2026,06/28/2026,07/02/2026,4,Logan Patten,Nashville Legendz: Rooftop Deck,,,USD,1058.27,,32.73,,295.00,1091.00,207.76,2026
06/29/2026,07/06/2026,Payout,,,,,,,,"Transfer to Pink Cowgirl Vacation Rentals LLC, Checking 5751 (USD)",M-K6SK6NGKDREVC,USD,,100.00,,,,,,
06/29/2026,,Resolution Payout,HM3R8RMTMY,,06/24/2026,06/29/2026,5,Karla Rousseau,The Wild West - Nashville: Rooftop Deck,Resolution payout for resolution CLA-FWYEEJYKC2 - Reservation HM3R8RMTMY,,USD,100.00,,,,,100.00,,2026
06/26/2026,07/03/2026,Payout,,,,,,,,"Transfer to Pink Cowgirl Vacation Rentals LLC, Checking 5751 (USD)",G-H4USDEWAYLGCQ,USD,,7128.53,,,,,,
06/26/2026,,Reservation,HMQT48YRKW,11/13/2025,06/25/2026,06/28/2026,3,Kari Lisiewski,Dolly’s Pink Palace: Rooftop Deck,,,USD,2151.46,,66.54,,295.00,2218.00,409.55,2026
06/26/2026,,Reservation,HMZZ8HYHZM,11/08/2025,06/25/2026,06/28/2026,3,Ally Streeter,The Swiftie Suite: Rooftop Deck,,,USD,2177.65,,67.35,,295.00,2245.00,414.44,2026
06/26/2026,,Reservation,HMQDB53KNY,01/08/2026,06/25/2026,06/28/2026,3,Lukieia Shorter,Johnny Cash's Ring of Fire Retreat: Rooftop Deck,,,USD,1641.24,,50.76,,295.00,1692.00,314.20,2026
06/26/2026,,Reservation,HMQ4JHJMNH,01/12/2026,06/25/2026,06/27/2026,2,Heather Odonnell,Nashville Legendz: Rooftop Deck,,,USD,1158.18,,35.82,,295.00,1194.00,221.43,2026
06/25/2026,07/03/2026,Payout,,,,,,,,"Transfer to Pink Cowgirl Vacation Rentals LLC, Checking 5751 (USD)",G-XN2VM2VUVKZ3C,USD,,150.00,,,,,,
06/25/2026,,Resolution Payout,HMY3ERPA9K,,06/24/2026,06/28/2026,4,Maisy Hanson,The Sapphire House: Rooftop Deck,Resolution payout for resolution CLA-9WXSSRBS3R - Reservation HMY3ERPA9K,,USD,150.00,,,,,150.00,,2026
06/25/2026,07/03/2026,Payout,,,,,,,,"Transfer to Pink Cowgirl Vacation Rentals LLC, Checking 5751 (USD)",G-GICGL5EWYOSZ4,USD,,4477.73,,,,,,
06/25/2026,,Reservation,HMY3ERPA9K,08/20/2025,06/24/2026,06/28/2026,4,Maisy Hanson,The Sapphire House: Rooftop Deck,,,USD,2346.43,,72.57,,295.00,2419.00,448.48,2026
06/25/2026,,Reservation,HM3R8RMTMY,01/09/2026,06/24/2026,06/29/2026,5,Karla Rousseau,The Wild West - Nashville: Rooftop Deck,,,USD,2131.30,,65.92,,295.00,2197.22,410.78,2026
06/22/2026,06/29/2026,Payout,,,,,,,,"Transfer to Pink Cowgirl Vacation Rentals LLC, Checking 5751 (USD)",G-N6M3ET7SFHCLI,USD,,3096.35,,,,,,
06/22/2026,,Reservation,HM8XTH5BSE,05/27/2026,06/19/2026,06/22/2026,3,Leah Friesen,The Wild West - Nashville: Rooftop Deck,,,USD,1149.68,,35.56,,295.00,1185.24,222.34,2026
06/22/2026,,Reservation,HMWDPY222Q,06/04/2026,06/19/2026,06/22/2026,3,Britny Zimmerman,Dolly’s Pink Palace: Rooftop Deck,,,USD,1049.42,,32.46,,295.00,1081.88,203.61,2026
06/22/2026,,Reservation,HM2SC2XY4S,06/09/2026,06/19/2026,06/21/2026,2,A’Kalli Carter,Nashville Legendz: Rooftop Deck,,,USD,897.25,,27.75,,295.00,925.00,172.67,2026
06/19/2026,06/26/2026,Payout,,,,,,,,"Transfer to Pink Cowgirl Vacation Rentals LLC, Checking 5751 (USD)",G-D3JJFBOG5SCUU,USD,,150.00,,,,,,
06/19/2026,,Resolution Payout,HMPA8MHQHJ,,06/18/2026,06/22/2026,4,Stacey Shaaltiel,The Swiftie Suite: Rooftop Deck,Resolution payout for resolution CLA-YSR84EDJFX - Reservation HMPA8MHQHJ,,USD,150.00,,,,,150.00,,2026
06/19/2026,06/26/2026,Payout,,,,,,,,"Transfer to Pink Cowgirl Vacation Rentals LLC, Checking 5751 (USD)",G-SQILZSRHJIRGX,USD,,6080.35,,,,,,
06/19/2026,,Reservation,HMPA8MHQHJ,10/26/2025,06/18/2026,06/22/2026,4,Stacey Shaaltiel,The Swiftie Suite: Rooftop Deck,,,USD,2346.43,,72.57,,295.00,2419.00,448.48,2026
06/19/2026,,Reservation,HMJYC8WJE8,10/15/2025,06/18/2026,06/21/2026,3,Katrianna Jewett,The Sapphire House: Rooftop Deck,,,USD,2054.46,,63.54,,295.00,2118.00,391.42,2026
06/19/2026,,Reservation,HMA425PFMZ,04/17/2026,06/18/2026,06/22/2026,4,Alex Banuelos,Johnny Cash's Ring of Fire Retreat: Rooftop Deck,,,USD,1679.46,,51.94,,295.00,1731.40,323.84,2026
06/15/2026,06/22/2026,Payout,,,,,,,,"Transfer to Pink Cowgirl Vacation Rentals LLC, Checking 5751 (USD)",G-QA7EGQU2Y7BS4,USD,,2695.51,,,,,,
06/15/2026,,Reservation,HMJYNYDZHJ,01/16/2026,06/13/2026,06/17/2026,4,Lauren VanBuskirk,Johnny Cash's Ring of Fire Retreat: Rooftop Deck,,,USD,1446.27,,44.73,,295.00,1491.00,280.27,2026
06/15/2026,,Reservation,HMCQCHJBME,01/30/2026,06/13/2026,06/17/2026,4,Ben Ruiz,Nashville Legendz: Rooftop Deck,,,USD,1544.24,,47.76,,295.00,1592.00,298.57,2026
06/15/2026,,Resolution Adjustment,HMJYNYDZHJ,,06/13/2026,06/17/2026,4,Lauren VanBuskirk,Johnny Cash's Ring of Fire Retreat: Rooftop Deck,Resolution adjustment for resolution 17813878696525,,USD,-295.00,,,,,-295.00,,2026
06/12/2026,06/19/2026,Payout,,,,,,,,"Transfer to Pink Cowgirl Vacation Rentals LLC, Checking 5751 (USD)",G-J7JUBWFHBJOVO,USD,,300.00,,,,,,
06/12/2026,,Resolution Payout,HMH3KWPT3W,,06/11/2026,06/14/2026,3,Kara Fialka,The Sapphire House: Rooftop Deck,Resolution payout for resolution CLA-CNNYEJDPZ8 - Reservation HMH3KWPT3W,,USD,150.00,,,,,150.00,,2026
06/12/2026,,Resolution Payout,HM9FP9BECT,,06/11/2026,06/14/2026,3,Bridget Tesher,The Swiftie Suite: Rooftop Deck,Resolution payout for resolution CLA-RKJDDXSHYS - Reservation HM9FP9BECT,,USD,150.00,,,,,150.00,,2026
06/12/2026,06/19/2026,Payout,,,,,,,,"Transfer to Pink Cowgirl Vacation Rentals LLC, Checking 5751 (USD)",G-AWK5KQZGILJWF,USD,,8341.03,,,,,,
06/12/2026,,Reservation,HMXPCKJWK5,02/13/2026,06/11/2026,06/14/2026,3,Shyla King,Dolly’s Pink Palace: Rooftop Deck,,,USD,2128.18,,65.82,,295.00,2194.00,405.19,2026
06/12/2026,,Reservation,HMH3KWPT3W,01/10/2026,06/11/2026,06/14/2026,3,Kara Fialka,The Sapphire House: Rooftop Deck,,,USD,2054.46,,63.54,,295.00,2118.00,391.42,2026
06/12/2026,,Reservation,HMA3FYP9D2,04/04/2026,06/11/2026,06/15/2026,4,Brian D'Angelo,The Wild West - Nashville: Rooftop Deck,,,USD,1980.74,,61.26,,295.00,2042.00,380.14,2026
06/12/2026,,Reservation,HM9FP9BECT,12/30/2025,06/11/2026,06/14/2026,3,Bridget Tesher,The Swiftie Suite: Rooftop Deck,,,USD,2177.65,,67.35,,295.00,2245.00,414.44,2026
06/08/2026,06/15/2026,Payout,,,,,,,,"Transfer to Pink Cowgirl Vacation Rentals LLC, Checking 5751 (USD)",G-ISLG3NT2FTISP,USD,,3142.80,,,,,,
06/08/2026,,Reservation,HMDC5C89CQ,01/03/2026,06/06/2026,06/08/2026,2,Shahram Tousi,The Wild West - Nashville: Rooftop Deck,,,USD,1280.40,,39.60,,295.00,1320.00,244.27,2026
06/08/2026,,Reservation,HMHD2NHDE4,09/05/2025,06/06/2026,06/10/2026,4,Jessica Cramer,The Swiftie Suite: Rooftop Deck,,,USD,1862.40,,57.60,,295.00,1920.00,358.03,2026
06/08/2026,06/15/2026,Payout,,,,,,,,"Transfer to Pink Cowgirl Vacation Rentals LLC, Checking 5751 (USD)",G-4OJT32EADKL5M,USD,,150.00,,,,,,
06/08/2026,,Resolution Payout,HMHD2NHDE4,,06/06/2026,06/10/2026,4,Jessica Cramer,The Swiftie Suite: Rooftop Deck,Resolution payout for resolution CLA-4EWESDC394 - Reservation HMHD2NHDE4,,USD,150.00,,,,,150.00,,2026
06/08/2026,06/15/2026,Payout,,,,,,,,"Transfer to Pink Cowgirl Vacation Rentals LLC, Checking 5751 (USD)",G-ME25JHIHZNDHT,USD,,1182.43,,,,,,
06/08/2026,,Reservation,HMHX9AKPND,05/31/2026,06/05/2026,06/09/2026,4,Holly Stevens,Johnny Cash's Ring of Fire Retreat: Rooftop Deck,,,USD,1182.43,,36.57,,295.00,1219.00,230.96,2026
06/05/2026,06/12/2026,Payout,,,,,,,,"Transfer to Pink Cowgirl Vacation Rentals LLC, Checking 5751 (USD)",G-U76DM3VCFFW6X,USD,,100.00,,,,,,
06/05/2026,,Resolution Payout,HM2BP5FJNE,,06/04/2026,06/07/2026,3,Becky Helms,The Sapphire House: Rooftop Deck,Resolution payout for resolution CLA-5TJJFBCEF5 - Reservation HM2BP5FJNE,,USD,100.00,,,,,100.00,,2026
06/05/2026,06/12/2026,Payout,,,,,,,,"Transfer to Pink Cowgirl Vacation Rentals LLC, Checking 5751 (USD)",G-D5FSAOUVAPYYC,USD,,4593.92,,,,,,
06/05/2026,,Reservation,HMDNC4M3BE,02/01/2026,06/04/2026,06/07/2026,3,Meredith White,Dolly’s Pink Palace: Rooftop Deck,,,USD,2369.71,,73.29,,295.00,2443.00,450.33,2026
06/05/2026,,Reservation,HM2BP5FJNE,01/06/2026,06/04/2026,06/07/2026,3,Becky Helms,The Sapphire House: Rooftop Deck,,,USD,2224.21,,68.79,,295.00,2293.00,423.14,2026
06/01/2026,06/09/2026,Payout,,,,,,,,"Transfer to Pink Cowgirl Vacation Rentals LLC, Checking 5751 (USD)",G-NIKYJ7YSDM4T6,USD,,1904.11,,,,,,
06/01/2026,,Reservation,HMWRDT2XAH,02/14/2026,05/31/2026,06/03/2026,3,Andrea Haffer,Dolly’s Pink Palace: Rooftop Deck,,,USD,940.90,,29.10,,295.00,970.00,183.33,2026
06/01/2026,,Reservation,HMJ8ZD4T8C,01/29/2026,05/31/2026,06/03/2026,3,Monica Payne,Johnny Cash's Ring of Fire Retreat: Rooftop Deck,,,USD,963.21,,29.79,,295.00,993.00,187.50,2026
05/29/2026,06/05/2026,Payout,,,,,,,,"Transfer to Pink Cowgirl Vacation Rentals LLC, Checking 5751 (USD)",G-TQK2JJVYRXANP,USD,,100.00,,,,,,
05/29/2026,,Resolution Payout,HM4NJJRCJF,,05/28/2026,05/31/2026,3,Lucinda Lewis,Dolly’s Pink Palace: Rooftop Deck,Resolution payout for resolution CLA-YQFJ24F3JX - Reservation HM4NJJRCJF,,USD,100.00,,,,,100.00,,2026
05/29/2026,06/05/2026,Payout,,,,,,,,"Transfer to Pink Cowgirl Vacation Rentals LLC, Checking 5751 (USD)",G-KLSCKAJ2QVJVB,USD,,3245.43,,,,,,
05/29/2026,,Reservation,HMKJAMMP42,01/04/2026,05/28/2026,06/01/2026,4,Lexie Smith,The Sapphire House: Rooftop Deck,,,USD,2032.15,,62.85,,295.00,2095.00,389.75,2026
05/29/2026,,Reservation,HM4NJJRCJF,04/25/2026,05/28/2026,05/31/2026,3,Lucinda Lewis,Dolly’s Pink Palace: Rooftop Deck,,,USD,1213.28,,37.52,,295.00,1250.80,234.23,2026
05/27/2026,06/04/2026,Payout,,,,,,,,"Transfer to Pink Cowgirl Vacation Rentals LLC, Checking 5751 (USD)",G-TVRZ2PMFKKEER,USD,,3536.62,,,,,,
05/27/2026,,Reservation,HMTWDBC3T4,02/21/2026,05/26/2026,05/29/2026,3,Brandon Walker,The Wild West - Nashville: Rooftop Deck,,,USD,865.24,,26.76,,295.00,892.00,169.19,2026
05/27/2026,,Reservation,HM2B453Z9P,02/21/2026,05/26/2026,05/29/2026,3,Brandon Walker,Johnny Cash's Ring of Fire Retreat: Rooftop Deck,,,USD,865.24,,26.76,,295.00,892.00,169.19,2026
05/27/2026,,Reservation,HMX5PEWEXD,02/21/2026,05/26/2026,05/29/2026,3,Brandon Walker,Nashville Legendz: Rooftop Deck,,,USD,865.24,,26.76,,295.00,892.00,169.19,2026
05/27/2026,,Reservation,HMDQX4WJ4Q,12/20/2025,05/26/2026,05/29/2026,3,Kristina Frost,The Swiftie Suite: Rooftop Deck,,,USD,940.90,,29.10,,295.00,970.00,183.33,2026
05/25/2026,06/01/2026,Payout,,,,,,,,"Transfer to Pink Cowgirl Vacation Rentals LLC, Checking 5751 (USD)",G-WRAUWBQKANY6K,USD,,921.21,,,,,,
05/25/2026,,Reservation,HMK9Q9K59F,04/26/2026,05/23/2026,05/25/2026,2,Madison Elpers,Dolly’s Pink Palace: Rooftop Deck,,,USD,921.21,,28.49,,295.00,949.70,177.15,2026
05/25/2026,06/01/2026,Payout,,,,,,,,"Transfer to Pink Cowgirl Vacation Rentals LLC, Checking 5751 (USD)",G-3CW7L5WUD7YQ7,USD,,6750.12,,,,,,
05/25/2026,,Reservation,HMSH44N52D,01/08/2026,05/22/2026,05/26/2026,4,Grace Murray,The Sapphire House: Rooftop Deck,,,USD,2175.71,,67.29,,295.00,2243.00,416.58,2026
05/25/2026,,Reservation,HMDTDXETE4,12/06/2025,05/22/2026,05/25/2026,3,Jamie Burdette,The Swiftie Suite: Rooftop Deck,,,USD,2128.18,,65.82,,295.00,2194.00,405.19,2026
05/25/2026,,Reservation,HMZ4AHPPNA,04/12/2026,05/22/2026,05/25/2026,3,Takeshia Reed,Nashville Legendz: Rooftop Deck,,,USD,1449.18,,44.82,,295.00,1494.00,278.31,2026
05/25/2026,,Reservation,HMMX4HAA2N,04/29/2026,05/22/2026,05/24/2026,2,Juan Barajas,The Wild West - Nashville: Rooftop Deck,,,USD,997.05,,30.84,,295.00,1027.89,191.32,2026
05/25/2026,06/01/2026,Payout,,,,,,,,"Transfer to Pink Cowgirl Vacation Rentals LLC, Checking 5751 (USD)",G-L7AVS27U6J6GM,USD,,150.00,,,,,,
05/25/2026,,Resolution Payout,HMSH44N52D,,05/22/2026,05/26/2026,4,Grace Murray,The Sapphire House: Rooftop Deck,Resolution payout for resolution CLA-AXQS4ZFCCS - Reservation HMSH44N52D,,USD,150.00,,,,,150.00,,2026
05/22/2026,05/29/2026,Payout,,,,,,,,"Transfer to Pink Cowgirl Vacation Rentals LLC, Checking 5751 (USD)",G-X5Y7YL4PXIIEP,USD,,1834.27,,,,,,
05/22/2026,,Reservation,HMQB8SP428,03/11/2026,05/21/2026,05/25/2026,4,Emma Pawelski,Johnny Cash's Ring of Fire Retreat: Rooftop Deck,,,USD,1834.27,,56.73,,295.00,1891.00,352.77,2026
05/18/2026,05/25/2026,Payout,,,,,,,,"Transfer to Pink Cowgirl Vacation Rentals LLC, Checking 5751 (USD)",G-SMFCJSNULL534,USD,,849.53,,,,,,
05/18/2026,,Reservation,HM5DAEJ8KQ,05/08/2026,05/15/2026,05/17/2026,2,Daverrick Webster,Nashville Legendz: Rooftop Deck,,,USD,849.53,,26.27,,295.00,875.80,163.75,2026
05/15/2026,05/22/2026,Payout,,,,,,,,"Transfer to Pink Cowgirl Vacation Rentals LLC, Checking 5751 (USD)",G-LP2VQMMZS4HZB,USD,,6006.69,,,,,,
05/15/2026,,Reservation,HMBARTD4E4,01/18/2026,05/14/2026,05/17/2026,3,Cassidy Clifford,Dolly’s Pink Palace: Rooftop Deck,,,USD,1934.18,,59.82,,295.00,1994.00,368.94,2026
05/15/2026,,Reservation,HMQTSWPANN,01/27/2026,05/14/2026,05/17/2026,3,Kalee Cox,The Swiftie Suite: Rooftop Deck,,,USD,2128.18,,65.82,,295.00,2194.00,405.19,2026
05/15/2026,,Reservation,HMEYJNWBBN,04/26/2026,05/14/2026,05/17/2026,3,Nancy Lozano,Johnny Cash's Ring of Fire Retreat: Rooftop Deck,,,USD,1155.48,,35.74,,295.00,1191.22,223.43,2026
05/15/2026,,Reservation,HM3N4AEQRQ,05/02/2026,05/14/2026,05/16/2026,2,Jesse Radil,The Sapphire House: Rooftop Deck,,,USD,788.85,,24.40,,295.00,813.25,152.41,2026
05/08/2026,05/15/2026,Payout,,,,,,,,"Transfer to Pink Cowgirl Vacation Rentals LLC, Checking 5751 (USD)",G-W5Q2Q33PCDP4M,USD,,3964.39,,,,,,
05/08/2026,,Reservation,HMZ85XAMKH,11/30/2025,05/07/2026,05/10/2026,3,Madyson Flanders,The Swiftie Suite: Rooftop Deck,,,USD,2128.18,,65.82,,295.00,2194.00,405.19,2026
05/08/2026,,Reservation,HMPHPC5DXP,01/31/2026,05/07/2026,05/11/2026,4,Amy Hall,The Wild West - Nashville: Rooftop Deck,,,USD,1836.21,,56.79,,295.00,1893.00,353.13,2026
05/08/2026,05/15/2026,Payout,,,,,,,,"Transfer to Pink Cowgirl Vacation Rentals LLC, Checking 5751 (USD)",G-IKZTKIS2275OK,USD,,150.00,,,,,,
05/08/2026,,Resolution Payout,HMPHPC5DXP,,05/07/2026,05/11/2026,4,Amy Hall,The Wild West - Nashville: Rooftop Deck,Resolution payout for resolution CLA-32JDRCDF8R - Reservation HMPHPC5DXP,,USD,150.00,,,,,150.00,,2026
05/07/2026,05/15/2026,Payout,,,,,,,,"Transfer to Pink Cowgirl Vacation Rentals LLC, Checking 5751 (USD)",G-QKFBAYZRVTI2Q,USD,,1400.68,,,,,,
05/07/2026,,Reservation,HM55EAD3QC,12/09/2025,05/06/2026,05/09/2026,3,Kinzie Baker,The Sapphire House: Rooftop Deck,,,USD,1400.68,,43.32,,295.00,1444.00,269.25,2026
05/04/2026,05/11/2026,Payout,,,,,,,,"Transfer to Pink Cowgirl Vacation Rentals LLC, Checking 5751 (USD)",G-ZHIVTFHUUXVMZ,USD,,940.90,,,,,,
05/04/2026,,Reservation,HMRRPJQEKM,04/24/2026,05/01/2026,05/03/2026,2,Kayla Newsome,Dolly’s Pink Palace: Rooftop Deck,,,USD,940.90,,29.10,,295.00,970.00,180.83,2026
05/01/2026,05/08/2026,Payout,,,,,,,,"Transfer to Pink Cowgirl Vacation Rentals LLC, Checking 5751 (USD)",G-T75BTJC7JTWY4,USD,,150.00,,,,,,
05/01/2026,,Resolution Payout,HMMM3CPJWY,,04/30/2026,05/04/2026,4,Kaitlyn Schoen,The Swiftie Suite: Rooftop Deck,Resolution payout for resolution CLA-WSCWDEEK8X - Reservation HMMM3CPJWY,,USD,150.00,,,,,150.00,,2026
05/01/2026,05/08/2026,Payout,,,,,,,,"Transfer to Pink Cowgirl Vacation Rentals LLC, Checking 5751 (USD)",G-KORJEUT4WCFWT,USD,,6797.86,,,,,,
05/01/2026,,Reservation,HMMM3CPJWY,10/24/2025,04/30/2026,05/04/2026,4,Kaitlyn Schoen,The Swiftie Suite: Rooftop Deck,,,USD,2346.43,,72.57,,295.00,2419.00,448.48,2026
05/01/2026,,Reservation,HMFCY8B4KN,03/20/2026,04/30/2026,05/03/2026,3,Keeley Wilson,The Sapphire House: Rooftop Deck,,,USD,1595.65,,49.35,,295.00,1645.00,305.68,2026
05/01/2026,,Reservation,HMBPJWQECR,03/27/2026,04/30/2026,05/03/2026,3,Deniya Lane,Nashville Legendz: Rooftop Deck,,,USD,1455.10,,45.00,,295.00,1500.10,279.42,2026
05/01/2026,,Reservation,HMN3S8FNEH,04/06/2026,04/30/2026,05/03/2026,3,Stacie Haas,The Wild West - Nashville: Rooftop Deck,,,USD,1400.68,,43.32,,295.00,1444.00,269.25,2026
04/30/2026,05/08/2026,Payout,,,,,,,,"Transfer to Pink Cowgirl Vacation Rentals LLC, Checking 5751 (USD)",G-NAMGADPTDM7BE,USD,,2749.95,,,,,,
04/30/2026,,Reservation,HMZN8WMZAY,10/03/2025,04/29/2026,05/01/2026,2,Liz Thompson,Dolly’s Pink Palace: Rooftop Deck,,,USD,722.65,,22.35,,295.00,745.00,140.04,2026
04/30/2026,,Reservation,HMBZRCSXB2,02/27/2026,04/29/2026,05/04/2026,5,Christina Perez,Johnny Cash's Ring of Fire Retreat: Rooftop Deck,,,USD,2027.30,,62.70,,295.00,2090.00,391.34,2026
04/30/2026,05/07/2026,Payout,,,,,,,,"Transfer to Pink Cowgirl Vacation Rentals LLC, Checking 5751 (USD)",G-H6ZCVHIWWII26,USD,,582.80,,,,,,
04/30/2026,,Misc Credit,,,,,,,,Host Rewards Challenge Payment,,USD,582.80,,,,,582.80,,2026
04/27/2026,05/04/2026,Payout,,,,,,,,"Transfer to Pink Cowgirl Vacation Rentals LLC, Checking 5751 (USD)",G-FJRMDC4UBH5ML,USD,,100.00,,,,,,
04/27/2026,,Resolution Payout,HM5R24SNME,,04/24/2026,04/27/2026,3,Shantel Libby,Nashville Legendz: Rooftop Deck,Resolution payout for resolution CLA-ZAQA59WZRR - Reservation HM5R24SNME,,USD,100.00,,,,,100.00,,2026
04/27/2026,05/04/2026,Payout,,,,,,,,"Transfer to Pink Cowgirl Vacation Rentals LLC, Checking 5751 (USD)",G-TVBXRUKMYDYYI,USD,,1332.88,,,,,,
04/27/2026,,Reservation,HM5R24SNME,03/20/2026,04/24/2026,04/27/2026,3,Shantel Libby,Nashville Legendz: Rooftop Deck,,,USD,1332.88,,41.22,,295.00,1374.10,256.58,2026
04/24/2026,05/01/2026,Payout,,,,,,,,"Transfer to Pink Cowgirl Vacation Rentals LLC, Checking 5751 (USD)",G-UQENRXRSOLRXH,USD,,3389.37,,,,,,
04/24/2026,,Reservation,HMQCTSYK2C,10/27/2025,04/23/2026,04/26/2026,3,Ali Gimbi,The Swiftie Suite: Rooftop Deck,,,USD,2031.18,,62.82,,295.00,2094.00,387.07,2026
04/24/2026,,Reservation,HMKTF8NZXX,04/07/2026,04/23/2026,04/27/2026,4,Jaime Duque,The Wild West - Nashville: Rooftop Deck,,,USD,1358.19,,42.01,,295.00,1400.20,263.81,2026
04/23/2026,05/01/2026,Payout,,,,,,,,"Transfer to Pink Cowgirl Vacation Rentals LLC, Checking 5751 (USD)",G-JKAKGSQTOKU2G,USD,,1772.52,,,,,,
04/23/2026,,Reservation,HMXZCKZBJM,03/19/2026,04/22/2026,04/26/2026,4,Stefanie Savla,The Sapphire House: Rooftop Deck,,,USD,1772.52,,54.82,,295.00,1827.34,341.23,2026
04/22/2026,04/30/2026,Payout,,,,,,,,"Transfer to Pink Cowgirl Vacation Rentals LLC, Checking 5751 (USD)",G-AORENDWOPU4GW,USD,,1883.74,,,,,,
04/22/2026,,Reservation,HM2MN44B5E,12/31/2025,04/21/2026,04/26/2026,5,Sheri And Jason White,Johnny Cash's Ring of Fire Retreat: Rooftop Deck,,,USD,1883.74,,58.26,,295.00,1942.00,364.52,2026
04/17/2026,04/24/2026,Payout,,,,,,,,"Transfer to Pink Cowgirl Vacation Rentals LLC, Checking 5751 (USD)",G-DATJSKARUSX27,USD,,6801.99,,,,,,
04/17/2026,,Reservation,HMSDP3XZFY,01/29/2026,04/16/2026,04/19/2026,3,Kiran Dhaliwal,Dolly’s Pink Palace: Rooftop Deck,,,USD,1813.90,,56.10,,295.00,1870.00,348.55,2026
04/17/2026,,Reservation,HMHT8DAWBF,03/13/2026,04/16/2026,04/20/2026,4,Daniel Howard,Nashville Legendz: Rooftop Deck,,,USD,1309.66,,40.50,,295.00,1350.16,254.74,2026
04/17/2026,,Reservation,HMQJKMSHB9,10/13/2025,04/16/2026,04/20/2026,4,Courtney Carano,The Swiftie Suite: Rooftop Deck,,,USD,2346.43,,72.57,,295.00,2419.00,448.48,2026
04/17/2026,,Reservation,HMCFYX22RY,03/16/2026,04/16/2026,04/20/2026,4,Jessica Gonzales,The Wild West - Nashville: Rooftop Deck,,,USD,1332.00,,41.20,,295.00,1373.20,258.91,2026
04/17/2026,04/24/2026,Payout,,,,,,,,"Transfer to Pink Cowgirl Vacation Rentals LLC, Checking 5751 (USD)",G-EE6YQ4JTMUID6,USD,,450.00,,,,,,
04/17/2026,,Resolution Payout,HMQJKMSHB9,,04/16/2026,04/20/2026,4,Courtney Carano,The Swiftie Suite: Rooftop Deck,Resolution payout for resolution CLA-HPBSDJAY4B - Reservation HMQJKMSHB9,,USD,300.00,,,,,300.00,,2026
04/17/2026,,Resolution Payout,HMSDP3XZFY,,04/16/2026,04/19/2026,3,Kiran Dhaliwal,Dolly’s Pink Palace: Rooftop Deck,Resolution payout for resolution CLA-T8TTZHED48 - Reservation HMSDP3XZFY,,USD,150.00,,,,,150.00,,2026
04/16/2026,04/24/2026,Payout,,,,,,,,"Transfer to Pink Cowgirl Vacation Rentals LLC, Checking 5751 (USD)",G-BLFACNVQMLAWF,USD,,4023.17,,,,,,
04/16/2026,,Reservation,HMHWWMQ9PP,03/09/2026,04/15/2026,04/21/2026,6,Katie Alexander,Johnny Cash's Ring of Fire Retreat: Rooftop Deck,,,USD,1847.46,,57.14,,295.00,1904.60,360.24,2026
04/16/2026,,Reservation,HMC3BFNCS3,10/23/2025,04/15/2026,04/19/2026,4,Vanessa Cleveland,The Sapphire House: Rooftop Deck,,,USD,2175.71,,67.29,,295.00,2243.00,416.58,2026
04/13/2026,04/20/2026,Payout,,,,,,,,"Transfer to Pink Cowgirl Vacation Rentals LLC, Checking 5751 (USD)",G-YEDBU24OLPJV4,USD,,1231.90,,,,,,
04/13/2026,,Reservation,HMXRZ85EZE,02/01/2026,04/11/2026,04/14/2026,3,Lori Foltz,The Sapphire House: Rooftop Deck,,,USD,1231.90,,38.10,,295.00,1270.00,237.71,2026
04/10/2026,04/17/2026,Payout,,,,,,,,"Transfer to Pink Cowgirl Vacation Rentals LLC, Checking 5751 (USD)",G-EKOI2O6GAPXVR,USD,,300.00,,,,,,
04/10/2026,,Resolution Payout,HMQ58B8EX2,,04/09/2026,04/12/2026,3,Morgan Tatum,The Wild West - Nashville: Rooftop Deck,Resolution payout for resolution CLA-3E53APCC8E - Reservation HMQ58B8EX2,,USD,150.00,,,,,150.00,,2026
04/10/2026,,Resolution Payout,HMSXNFMKXJ,,04/09/2026,04/12/2026,3,Jody Jordan,Johnny Cash's Ring of Fire Retreat: Rooftop Deck,Resolution payout for resolution CLA-CZRDRXT8N3 - Reservation HMSXNFMKXJ,,USD,150.00,,,,,150.00,,2026
04/10/2026,04/17/2026,Payout,,,,,,,,"Transfer to Pink Cowgirl Vacation Rentals LLC, Checking 5751 (USD)",G-I3IZTGSDY3AVS,USD,,7107.38,,,,,,
04/10/2026,,Reservation,HMNQZFE8JB,01/13/2026,04/09/2026,04/12/2026,3,Che Adams,Dolly’s Pink Palace: Rooftop Deck,,,USD,1765.40,,54.60,,295.00,1820.00,337.40,2026
04/10/2026,,Reservation,HMSXNFMKXJ,12/17/2025,04/09/2026,04/12/2026,3,Jody Jordan,Johnny Cash's Ring of Fire Retreat: Rooftop Deck,,,USD,1449.37,,44.83,,295.00,1494.20,278.35,2026
04/10/2026,,Reservation,HMQ58B8EX2,11/28/2025,04/09/2026,04/12/2026,3,Morgan Tatum,The Wild West - Nashville: Rooftop Deck,,,USD,1690.71,,52.29,,295.00,1743.00,323.44,2026
04/10/2026,,Reservation,HM5MQCT4C2,07/29/2025,04/09/2026,04/12/2026,3,Mikala Esty,The Swiftie Suite: Rooftop Deck,,,USD,2201.90,,68.10,,295.00,2270.00,418.97,2026
04/09/2026,04/17/2026,Payout,,,,,,,,"Transfer to Pink Cowgirl Vacation Rentals LLC, Checking 5751 (USD)",G-5UOHNYFSQU2YW,USD,,1254.21,,,,,,
04/09/2026,,Reservation,HM4WQMANBF,01/30/2026,04/08/2026,04/11/2026,3,Dani Driver,Nashville Legendz: Rooftop Deck,,,USD,1254.21,,38.79,,295.00,1293.00,241.88,2026
04/08/2026,04/16/2026,Payout,,,,,,,,"Transfer to Pink Cowgirl Vacation Rentals LLC, Checking 5751 (USD)",G-O2BYOCQBTIX5R,USD,,150.00,,,,,,
04/08/2026,,Resolution Payout,HM5RRRM8DY,,04/07/2026,04/11/2026,4,Jeannette Jacobsen,The Sapphire House: Rooftop Deck,Resolution payout for resolution CLA-QYWCAFEB8D - Reservation HM5RRRM8DY,,USD,150.00,,,,,150.00,,2026
04/08/2026,04/16/2026,Payout,,,,,,,,"Transfer to Pink Cowgirl Vacation Rentals LLC, Checking 5751 (USD)",G-XB3JCYDFZJADS,USD,,1715.93,,,,,,
04/08/2026,,Reservation,HM5RRRM8DY,10/20/2025,04/07/2026,04/11/2026,4,Jeannette Jacobsen,The Sapphire House: Rooftop Deck,,,USD,1715.93,,53.07,,295.00,1769.00,330.66,2026
03/30/2026,04/07/2026,Payout,,,,,,,,"Transfer to Pink Cowgirl Vacation Rentals LLC, Checking 5751 (USD)",G-UWKOWMLEIKRMH,USD,,1806.14,,,,,,
03/30/2026,,Reservation,HM4FR23WQN,08/29/2025,03/29/2026,04/01/2026,3,Martin Sample,Nashville Legendz: Rooftop Deck,,,USD,865.24,,26.76,,295.00,892.00,169.19,2026
03/30/2026,,Reservation,HMQZE92SMC,05/23/2025,03/29/2026,04/01/2026,3,Cameron Holt,The Swiftie Suite: Rooftop Deck,,,USD,940.90,,29.10,,295.00,970.00,183.33,2026
03/30/2026,04/06/2026,Payout,,,,,,,,"Transfer to Pink Cowgirl Vacation Rentals LLC, Checking 5751 (USD)",G-G3FC63N7MWT2I,USD,,764.36,,,,,,
03/30/2026,,Reservation,HMQ4CZN5HB,03/10/2026,03/28/2026,03/30/2026,2,Jennifer Her,The Wild West - Nashville: Rooftop Deck,,,USD,764.36,,23.64,,295.00,788.00,147.84,2026
03/30/2026,04/06/2026,Payout,,,,,,,,"Transfer to Pink Cowgirl Vacation Rentals LLC, Checking 5751 (USD)",G-ZN5T3FMNVWOST,USD,,150.00,,,,,,
03/30/2026,,Resolution Payout,HMJDB8SBZC,,03/27/2026,03/29/2026,2,Dina Bash,The Swiftie Suite: Rooftop Deck,Resolution payout for resolution CLA-ZSHNYCF5Z9 - Reservation HMJDB8SBZC,,USD,150.00,,,,,150.00,,2026
03/30/2026,04/06/2026,Payout,,,,,,,,"Transfer to Pink Cowgirl Vacation Rentals LLC, Checking 5751 (USD)",G-WQJ7MTNJSFS23,USD,,1547.15,,,,,,
03/30/2026,,Reservation,HMJDB8SBZC,12/23/2025,03/27/2026,03/29/2026,2,Dina Bash,The Swiftie Suite: Rooftop Deck,,,USD,1547.15,,47.85,,295.00,1595.00,294.12,2026
03/27/2026,04/03/2026,Payout,,,,,,,,"Transfer to Pink Cowgirl Vacation Rentals LLC, Checking 5751 (USD)",G-OGJSIBO5V627L,USD,,4638.54,,,,,,
03/27/2026,,Reservation,HMKH4KMK5H,01/10/2026,03/26/2026,03/29/2026,3,McKayla Drinka,Dolly’s Pink Palace: Rooftop Deck,,,USD,1619.90,,50.10,,295.00,1670.00,310.21,2026
03/27/2026,,Reservation,HMTKBSSFP9,11/13/2025,03/26/2026,03/30/2026,4,Marianna Hernandez,The Sapphire House: Rooftop Deck,,,USD,2078.71,,64.29,,295.00,2143.00,398.45,2026
03/27/2026,,Reservation,HM3MCFR5J5,01/16/2026,03/26/2026,03/28/2026,2,Migdalia Grall,The Wild West - Nashville: Rooftop Deck,,,USD,939.93,,29.07,,295.00,969.00,180.65,2026
03/25/2026,04/02/2026,Payout,,,,,,,,"Transfer to Pink Cowgirl Vacation Rentals LLC, Checking 5751 (USD)",G-LLKB4QN3YCTZG,USD,,1958.82,,,,,,
03/25/2026,,Reservation,HMQH4J3H9K,01/17/2026,03/24/2026,03/31/2026,7,Renee OSullivan,Johnny Cash's Ring of Fire Retreat: Rooftop Deck,,,USD,1958.82,,60.58,,295.00,2019.40,383.55,2026
03/23/2026,03/30/2026,Payout,,,,,,,,"Transfer to Pink Cowgirl Vacation Rentals LLC, Checking 5751 (USD)",G-UUPSNGS6X3JAU,USD,,1742.00,,,,,,
03/23/2026,,Reservation,HMFN4FS2EX,03/01/2026,03/20/2026,03/23/2026,3,Amanda Raymond,Nashville Legendz: Rooftop Deck,,,USD,899.31,,27.81,,295.00,927.12,175.55,2026
03/23/2026,,Reservation,HMJ4MJ8KCA,03/11/2026,03/20/2026,03/22/2026,2,Kayla Mitchell,The Sapphire House: Rooftop Deck,,,USD,842.69,,26.06,,295.00,868.75,162.47,2026
03/20/2026,03/27/2026,Payout,,,,,,,,"Transfer to Pink Cowgirl Vacation Rentals LLC, Checking 5751 (USD)",G-Z5ASPCOOTTZDA,USD,,3385.30,,,,,,
03/20/2026,,Reservation,HMRQJ2NAW9,01/12/2026,03/19/2026,03/22/2026,3,Jenny Pierce,Dolly’s Pink Palace: Rooftop Deck,,,USD,1619.90,,50.10,,295.00,1670.00,310.21,2026
03/20/2026,,Reservation,HMQT5FK9RC,12/29/2025,03/19/2026,03/22/2026,3,Kristin Hoffman,The Swiftie Suite: Rooftop Deck,,,USD,1765.40,,54.60,,295.00,1820.00,337.40,2026
03/19/2026,03/27/2026,Payout,,,,,,,,"Transfer to Pink Cowgirl Vacation Rentals LLC, Checking 5751 (USD)",G-XVTMOFVBJBHEH,USD,,2097.24,,,,,,
03/19/2026,,Reservation,HMWHR3BKCB,01/22/2026,03/18/2026,03/22/2026,4,Jack Harris,Johnny Cash's Ring of Fire Retreat: Rooftop Deck,,,USD,1437.64,,44.46,,295.00,1482.10,278.65,2026
03/19/2026,,Reservation,HMKM9MRKPH,01/04/2026,03/18/2026,03/20/2026,2,Jonathan Benson,The Sapphire House: Rooftop Deck,,,USD,659.60,,20.40,,295.00,680.00,128.26,2026
03/17/2026,03/25/2026,Payout,,,,,,,,"Transfer to Pink Cowgirl Vacation Rentals LLC, Checking 5751 (USD)",G-RDQQAP7MTNBUZ,USD,,1418.14,,,,,,
03/17/2026,,Reservation,HMXWB4ZCMB,01/13/2026,03/16/2026,03/21/2026,5,Susan Timmons,The Wild West - Nashville: Rooftop Deck,,,USD,1418.14,,43.86,,295.00,1462.00,277.51,2026
03/16/2026,03/23/2026,Payout,,,,,,,,"Transfer to Pink Cowgirl Vacation Rentals LLC, Checking 5751 (USD)",G-ILFSXHEH6V7WX,USD,,2506.79,,,,,,
03/16/2026,,Co-Host payout,HMD5QNZM5Q,02/17/2026,03/13/2026,03/17/2026,4,Kristy Johnson,Nashville Legendz: Rooftop Deck,,,USD,-139.53,,,,0.00,,0.00,2026
03/16/2026,,Reservation,HMD5QNZM5Q,02/17/2026,03/13/2026,03/17/2026,4,Kristy Johnson,Nashville Legendz: Rooftop Deck,,,USD,1225.15,,37.89,,295.00,1263.04,238.94,2026
03/16/2026,,Co-Host payout,HM9RZM2W58,12/24/2025,03/13/2026,03/16/2026,3,Lucy Phillips,The Sapphire House: Rooftop Deck,,,USD,-198.73,,,,0.00,,0.00,2026
03/16/2026,,Reservation,HM9RZM2W58,12/24/2025,03/13/2026,03/16/2026,3,Lucy Phillips,The Sapphire House: Rooftop Deck,,,USD,1619.90,,50.10,,295.00,1670.00,310.21,2026
03/13/2026,03/20/2026,Payout,,,,,,,,"Transfer to Pink Cowgirl Vacation Rentals LLC, Checking 5751 (USD)",G-P3FD2GFLVR2UA,USD,,4402.95,,,,,,
03/13/2026,,Co-Host payout,HMY9R3R34A,02/01/2026,03/12/2026,03/15/2026,3,Gabrielle Smith,Dolly’s Pink Palace: Rooftop Deck,,,USD,-153.85,,,,0.00,,0.00,2026
03/13/2026,,Reservation,HMY9R3R34A,02/01/2026,03/12/2026,03/15/2026,3,Gabrielle Smith,Dolly’s Pink Palace: Rooftop Deck,,,USD,1320.65,,40.85,,295.00,1361.50,254.29,2026
03/13/2026,,Co-Host payout,HMDE8H4FXR,02/18/2026,03/12/2026,03/15/2026,3,Jacky Muñoz,Johnny Cash's Ring of Fire Retreat: Rooftop Deck,,,USD,-119.44,,,,0.00,,0.00,2026
03/13/2026,,Reservation,HMDE8H4FXR,02/18/2026,03/12/2026,03/15/2026,3,Jacky Muñoz,Johnny Cash's Ring of Fire Retreat: Rooftop Deck,,,USD,1091.23,,33.75,,295.00,1124.98,211.42,2026
03/13/2026,,Co-Host payout,HMRQHEXDSH,12/25/2025,03/12/2026,03/14/2026,2,Yvette Lorenz,The Wild West - Nashville: Rooftop Deck,,,USD,-96.74,,,,0.00,,0.00,2026
03/13/2026,,Reservation,HMRQHEXDSH,12/25/2025,03/12/2026,03/14/2026,2,Yvette Lorenz,The Wild West - Nashville: Rooftop Deck,,,USD,939.93,,29.07,,295.00,969.00,180.65,2026
03/13/2026,,Reservation,HM3M499XRA,01/08/2026,03/12/2026,03/15/2026,3,Lyndsay Johnson,The Swiftie Suite: Rooftop Deck,,,USD,1619.90,,50.10,,295.00,1670.00,310.21,2026
03/13/2026,,Co-Host payout,HM3M499XRA,01/08/2026,03/12/2026,03/15/2026,3,Lyndsay Johnson,The Swiftie Suite: Rooftop Deck,,,USD,-198.73,,,,0.00,,0.00,2026
03/09/2026,03/16/2026,Payout,,,,,,,,"Transfer to Pink Cowgirl Vacation Rentals LLC, Checking 5751 (USD)",G-KSVJSNUM52Q4A,USD,,1783.91,,,,,,
03/09/2026,,Reservation,HMNE44WMMF,02/20/2026,03/06/2026,03/08/2026,2,Keiosha Smith,The Sapphire House: Rooftop Deck,,,USD,964.18,,29.82,,295.00,994.00,185.18,2026
03/09/2026,,Reservation,HMTRC3WPN3,03/05/2026,03/06/2026,03/09/2026,3,Laketa Holmes,Johnny Cash's Ring of Fire Retreat: Rooftop Deck,,,USD,819.73,,25.35,,295.00,845.08,160.68,2026
03/06/2026,03/13/2026,Payout,,,,,,,,"Transfer to Pink Cowgirl Vacation Rentals LLC, Checking 5751 (USD)",G-L5KYMSZ6YW2EE,USD,,1813.90,,,,,,
03/06/2026,,Reservation,HM4SPH8HED,01/11/2026,03/05/2026,03/08/2026,3,Morgan Lee,The Swiftie Suite: Rooftop Deck,,,USD,1813.90,,56.10,,295.00,1870.00,346.47,2026
03/02/2026,03/09/2026,Payout,,,,,,,,"Transfer to Pink Cowgirl Vacation Rentals LLC, Checking 5751 (USD)",G-NKDHQ2FOPXBLS,USD,,100.00,,,,,,
03/02/2026,,Resolution Payout,HMW4C2KPS2,,02/27/2026,03/01/2026,2,Ollie Thomas,The Wild West - Nashville: Rooftop Deck,Resolution payout for resolution CLA-SCXZFBH4ZQ - Reservation HMW4C2KPS2,,USD,100.00,,,,,100.00,,2026
03/02/2026,03/09/2026,Payout,,,,,,,,"Transfer to Pink Cowgirl Vacation Rentals LLC, Checking 5751 (USD)",G-UGQ33TEG4EARX,USD,,3167.77,,,,,,
03/02/2026,,Resolution Payout,HMATBZWJZZ,,02/27/2026,03/01/2026,2,Jhamiyah Davis,The Swiftie Suite: Rooftop Deck,Resolution payout for resolution CLA-KPCWRCRBSK - Reservation HMATBZWJZZ,,USD,75.00,,,,,75.00,,2026
03/02/2026,,Reservation,HMATBZWJZZ,01/28/2026,02/27/2026,03/01/2026,2,Jhamiyah Davis,The Swiftie Suite: Rooftop Deck,,,USD,917.02,,28.36,,295.00,945.38,176.36,2026
03/02/2026,,Reservation,HMFSKHYEWR,01/31/2026,02/27/2026,03/01/2026,2,Laila Pryor,Johnny Cash's Ring of Fire Retreat: Rooftop Deck,,,USD,801.22,,24.78,,295.00,826.00,154.72,2026
03/02/2026,,Reservation,HMW4C2KPS2,02/08/2026,02/27/2026,03/01/2026,2,Ollie Thomas,The Wild West - Nashville: Rooftop Deck,,,USD,704.26,,21.78,,295.00,726.04,136.61,2026
03/02/2026,,Reservation,HMX9TTKS5S,02/09/2026,02/27/2026,03/01/2026,2,Isabel Ovalle,Dolly’s Pink Palace: Rooftop Deck,,,USD,670.27,,20.73,,295.00,691.00,130.25,2026
02/27/2026,03/06/2026,Payout,,,,,,,,"Transfer to Pink Cowgirl Vacation Rentals LLC, Checking 5751 (USD)",G-4AWLVYIW5M6K2,USD,,150.00,,,,,,
02/27/2026,,Resolution Payout,HMZH9EXPD8,,02/26/2026,03/01/2026,3,Allie Mccrady,The Sapphire House: Rooftop Deck,Resolution payout for resolution CLA-5FTCXZKDQA - Reservation HMZH9EXPD8,,USD,150.00,,,,,150.00,,2026
02/27/2026,03/06/2026,Payout,,,,,,,,"Transfer to Pink Cowgirl Vacation Rentals LLC, Checking 5751 (USD)",G-EMBJEZ5I3WWUI,USD,,1158.42,,,,,,
02/27/2026,,Reservation,HMZH9EXPD8,12/27/2025,02/26/2026,03/01/2026,3,Allie Mccrady,The Sapphire House: Rooftop Deck,,,USD,1158.42,,35.83,,295.00,1194.25,223.98,2026
02/23/2026,03/02/2026,Payout,,,,,,,,"Transfer to Pink Cowgirl Vacation Rentals LLC, Checking 5751 (USD)",G-GWCSZRJY2DUX7,USD,,1016.85,,,,,,
02/23/2026,,Reservation,HMSXKDNBXX,12/29/2025,02/21/2026,02/25/2026,4,Shawna Messerlie,Dolly’s Pink Palace: Rooftop Deck,,,USD,1016.85,,31.45,,295.00,1048.30,200.02,2026
02/23/2026,03/02/2026,Payout,,,,,,,,"Transfer to Pink Cowgirl Vacation Rentals LLC, Checking 5751 (USD)",G-CIUJENSHMJ67L,USD,,3071.74,,,,,,
02/23/2026,,Reservation,HMREKRYPEY,12/08/2025,02/20/2026,02/23/2026,3,Joseph Guenther,The Sapphire House: Rooftop Deck,,,USD,1353.15,,41.85,,295.00,1395.00,260.36,2026
02/23/2026,,Reservation,HMX2RWP8R3,01/06/2026,02/20/2026,02/23/2026,3,Amanda Gruber,The Wild West - Nashville: Rooftop Deck,,,USD,836.18,,25.86,,295.00,862.04,163.76,2026
02/23/2026,,Reservation,HMM335CF3C,01/08/2026,02/20/2026,02/23/2026,3,John Sutherland,Nashville Legendz: Rooftop Deck,,,USD,882.41,,27.29,,295.00,909.70,172.40,2026
02/20/2026,02/27/2026,Payout,,,,,,,,"Transfer to Pink Cowgirl Vacation Rentals LLC, Checking 5751 (USD)",G-M4DMHDLXYG5AT,USD,,1757.88,,,,,,
02/20/2026,,Reservation,HM4SXZDW2S,12/26/2025,02/19/2026,02/22/2026,3,Kaytee Fadlevich,The Swiftie Suite: Rooftop Deck,,,USD,1064.04,,32.91,,295.00,1096.95,206.34,2026
02/20/2026,,Reservation,HMCSNJFTWY,01/14/2026,02/19/2026,02/21/2026,2,Jessica Acree Krish,Dolly’s Pink Palace: Rooftop Deck,,,USD,693.84,,21.46,,295.00,715.30,134.66,2026
02/19/2026,02/27/2026,Payout,,,,,,,,"Transfer to Pink Cowgirl Vacation Rentals LLC, Checking 5751 (USD)",G-CW4YY4DKWONUB,USD,,1009.87,,,,,,
02/19/2026,,Reservation,HMRNS9TC4C,01/07/2026,02/18/2026,02/22/2026,4,Farah Viera,Johnny Cash's Ring of Fire Retreat: Rooftop Deck,,,USD,1009.87,,31.23,,295.00,1041.10,198.71,2026
02/16/2026,02/23/2026,Payout,,,,,,,,"Transfer to Pink Cowgirl Vacation Rentals LLC, Checking 5751 (USD)",G-4KPZEC22EC3XU,USD,,2337.57,,,,,,
02/16/2026,,Reservation,HM9W2YHYSA,12/26/2025,02/13/2026,02/15/2026,2,Taylor Keltner,Dolly’s Pink Palace: Rooftop Deck,,,USD,814.31,,25.19,,295.00,839.50,157.17,2026
02/16/2026,,Reservation,HMSB4C5838,12/29/2025,02/13/2026,02/15/2026,2,Macy Morrow,The Sapphire House: Rooftop Deck,,,USD,835.53,,25.84,,295.00,861.37,161.14,2026
02/16/2026,,Reservation,HM3QJ4Y3KF,01/09/2026,02/13/2026,02/15/2026,2,Caroline Smith,Johnny Cash's Ring of Fire Retreat: Rooftop Deck,,,USD,687.73,,21.27,,295.00,709.00,133.52,2026
02/16/2026,02/23/2026,Payout,,,,,,,,"Transfer to Pink Cowgirl Vacation Rentals LLC, Checking 5751 (USD)",G-ZDTE3H2IS74LC,USD,,100.00,,,,,,
02/16/2026,,Resolution Payout,HM3QJ4Y3KF,,02/13/2026,02/15/2026,2,Caroline Smith,Johnny Cash's Ring of Fire Retreat: Rooftop Deck,Resolution payout for resolution CLA-QBE2FTJ3EY - Reservation HM3QJ4Y3KF,,USD,100.00,,,,,100.00,,2026
02/13/2026,02/20/2026,Payout,,,,,,,,"Transfer to Pink Cowgirl Vacation Rentals LLC, Checking 5751 (USD)",G-I5YYRLTEBSMMQ,USD,,2580.34,,,,,,
02/13/2026,,Reservation,HM955NJJ5B,11/24/2025,02/12/2026,02/16/2026,4,Cami Goebel,The Swiftie Suite: Rooftop Deck,,,USD,1740.18,,53.82,,295.00,1794.00,335.19,2026
02/13/2026,,Reservation,HMBDW3ZCXW,01/11/2026,02/12/2026,02/15/2026,3,Brandie Wilkerson,Nashville Legendz: Rooftop Deck,,,USD,840.16,,25.98,,295.00,866.14,164.50,2026
02/12/2026,02/20/2026,Payout,,,,,,,,"Transfer to Pink Cowgirl Vacation Rentals LLC, Checking 5751 (USD)",G-2QTWFCOXIJBMY,USD,,976.75,,,,,,
02/12/2026,,Reservation,HMEDKQDYZF,01/06/2026,02/11/2026,02/15/2026,4,Rebekah Bussey,The Wild West - Nashville: Rooftop Deck,,,USD,976.75,,30.21,,295.00,1006.96,192.53,2026
02/09/2026,02/16/2026,Payout,,,,,,,,"Transfer to Pink Cowgirl Vacation Rentals LLC, Checking 5751 (USD)",G-XRQGDJ2UTCRDU,USD,,2965.68,,,,,,
02/09/2026,,Reservation,HMW4XN8KNK,12/15/2025,02/06/2026,02/08/2026,2,Kelsey Ferrell,Johnny Cash's Ring of Fire Retreat: Rooftop Deck,,,USD,875.91,,27.09,,295.00,903.00,168.68,2026
02/09/2026,,Reservation,HMW5CTX4WC,01/10/2026,02/06/2026,02/08/2026,2,Ashae Tomlin,The Swiftie Suite: Rooftop Deck,,,USD,733.86,,22.70,,295.00,756.56,142.14,2026
02/09/2026,,Reservation,HMKYAT3M4X,01/15/2026,02/06/2026,02/08/2026,2,Alexandria Garrett,Dolly’s Pink Palace: Rooftop Deck,,,USD,689.48,,21.32,,295.00,710.80,133.84,2026
02/09/2026,,Reservation,HMDJRZM53F,01/17/2026,02/06/2026,02/08/2026,2,Keva Tomlinson,Nashville Legendz: Rooftop Deck,,,USD,666.43,,20.61,,295.00,687.04,129.54,2026
02/09/2026,02/16/2026,Payout,,,,,,,,"Transfer to Pink Cowgirl Vacation Rentals LLC, Checking 5751 (USD)",G-H2KFBLB6MCELM,USD,,100.00,,,,,,
02/09/2026,,Resolution Payout,HMDJRZM53F,,02/06/2026,02/08/2026,2,Keva Tomlinson,Nashville Legendz: Rooftop Deck,Resolution payout for resolution CLA-3QC3P5EPC4 - Reservation HMDJRZM53F,,USD,100.00,,,,,100.00,,2026
01/16/2026,01/23/2026,Payout,,,,,,,,"Transfer to Pink Cowgirl Vacation Rentals LLC, Checking 5751 (USD)",G-AXZH3M52I7FYB,USD,,4829.14,,,,,,
01/16/2026,,Reservation,HM3HEXS3BY,07/01/2025,01/15/2026,01/19/2026,4,Grace Hendrix,Dolly’s Pink Palace: Rooftop Deck,,,USD,1933.21,,59.79,,295.00,1993.00,371.26,2026
01/16/2026,,Reservation,HMEZMTFQAJ,11/19/2025,01/15/2026,01/18/2026,3,Audrey Jennings,The Sapphire House: Rooftop Deck,,,USD,1180.97,,36.53,,295.00,1217.50,228.19,2026
01/16/2026,,Reservation,HMA8CMP8J5,10/07/2025,01/15/2026,01/19/2026,4,Tiffany S Bach,The Swiftie Suite: Rooftop Deck,,,USD,1714.96,,53.04,,295.00,1768.00,330.48,2026
01/05/2026,01/12/2026,Payout,,,,,,,,"Transfer to Wa Huong, Savings 1608 (USD)",G-A43JWXGUTWYSF,USD,,620.68,,,,,,
01/05/2026,,Reservation,HMDSTR8AJ9,12/31/2025,01/03/2026,01/05/2026,2,Wynne Li,Johnny Cash's Ring of Fire Retreat: Rooftop Deck,,,USD,620.68,,19.20,,295.00,639.88,120.99,2026
01/01/2026,01/09/2026,Payout,,,,,,,,"Transfer to Wa Huong, Savings 1608 (USD)",G-Z436RAHZ54O6P,USD,,1145.16,,,,,,
01/01/2026,,Reservation,HMJPYZEH3W,12/30/2025,12/31/2025,01/04/2026,4,Luis Lugo,The Swiftie Suite: Rooftop Deck,,,USD,1145.16,,35.42,,295.00,1180.58,224.00,2026
12/31/2025,01/08/2026,Payout,,,,,,,,"Transfer to Wa Huong, Savings 1608 (USD)",G-JZZHLCVIX26KV,USD,,3556.19,,,,,,
12/31/2025,,Reservation,HMN3HPTMAW,11/07/2025,12/30/2025,01/04/2026,5,Eliangelis Nava,The Wild West - Nashville: Rooftop Deck,,,USD,1723.98,,53.32,,295.00,1777.30,334.66,2025
12/31/2025,,Reservation,HMHRZAMFNR,12/16/2025,12/30/2025,01/02/2026,3,Samantha Oberhausen,Dolly’s Pink Palace: Rooftop Deck,,,USD,848.36,,26.24,,295.00,874.60,166.03,2025
12/31/2025,,Reservation,HMN8H4ZZSH,12/29/2025,12/30/2025,01/03/2026,4,Nakyyah Mitchell,Johnny Cash's Ring of Fire Retreat: Rooftop Deck,,,USD,983.85,,30.43,,295.00,1014.28,193.85,2025
12/30/2025,01/07/2026,Payout,,,,,,,,"Transfer to Wa Huong, Savings 1608 (USD)",G-LRY3RLWLJYNTT,USD,,829.35,,,,,,
12/30/2025,,Reservation,HM29F9KQTR,08/11/2025,12/29/2025,01/01/2026,3,Ryanne Hancock,The Sapphire House: Rooftop Deck,,,USD,829.35,,25.65,,295.00,855.00,162.48,2025
12/29/2025,01/05/2026,Payout,,,,,,,,"Transfer to Wa Huong, Savings 1608 (USD)",G-6POV5MLGDL53U,USD,,2360.13,,,,,,
12/29/2025,,Reservation,HM98BZQBHN,11/10/2025,12/27/2025,01/02/2026,6,Andrea Heck,Nashville Legendz: Rooftop Deck,,,USD,1739.45,,53.80,,295.00,1793.25,342.05,2025
12/29/2025,,Reservation,HM83YS923W,12/11/2025,12/27/2025,12/29/2025,2,Wonza Williams,Johnny Cash's Ring of Fire Retreat: Rooftop Deck,,,USD,620.68,,19.20,,295.00,639.88,120.99,2025
12/29/2025,01/05/2026,Payout,,,,,,,,"Transfer to Wa Huong, Savings 1608 (USD)",G-CAU32I2Q74HJK,USD,,1488.23,,,,,,
12/29/2025,,Reservation,HMMMY2H3YZ,11/26/2025,12/26/2025,12/28/2025,2,John Nichols,The Wild West - Nashville: Rooftop Deck,,,USD,750.29,,23.21,,295.00,773.50,145.21,2025
12/29/2025,,Reservation,HMXZZS25WN,12/04/2025,12/26/2025,12/28/2025,2,Emie Sanderson,The Sapphire House: Rooftop Deck,,,USD,737.94,,22.82,,295.00,760.76,142.90,2025
12/26/2025,01/02/2026,Payout,,,,,,,,"Transfer to Wa Huong, Savings 1608 (USD)",G-5DNSLQLBLB4PW,USD,,1884.71,,,,,,
12/26/2025,,Reservation,HMKABESE3J,08/30/2025,12/25/2025,12/29/2025,4,Kayla Starnes,Dolly’s Pink Palace: Rooftop Deck,,,USD,1884.71,,58.29,,295.00,1943.00,362.20,2025
12/25/2025,01/02/2026,Payout,,,,,,,,"Transfer to Wa Huong, Savings 1608 (USD)",G-AAZHNTQDSFDL6,USD,,657.17,,,,,,
12/25/2025,,Reservation,HMSP8EXDNN,12/09/2025,12/24/2025,12/26/2025,2,Jane Remington,The Wild West - Nashville: Rooftop Deck,,,USD,657.17,,20.33,,295.00,677.50,127.81,2025
12/24/2025,01/01/2026,Payout,,,,,,,,"Transfer to Wa Huong, Savings 1608 (USD)",G-4MGSSIDL4D3W4,USD,,853.60,,,,,,
12/24/2025,,Reservation,HMXHCXEPDM,10/22/2025,12/23/2025,12/26/2025,3,Twanna Wilcox,The Sapphire House: Rooftop Deck,,,USD,853.60,,26.40,,295.00,880.00,167.01,2025
12/22/2025,12/29/2025,Payout,,,,,,,,"Transfer to Wa Huong, Savings 1608 (USD)",G-HMGXJ5MMNKB3F,USD,,65.84,,,,,,
12/22/2025,,Resolution Payout,HMH2NJAPMM,,12/11/2025,12/14/2025,3,Kelly Cobb,The Swiftie Suite: Rooftop Deck,AirCover damage reimbursement for resolution CLSF-05338131,,USD,65.84,,,,,65.84,,2025
12/15/2025,12/22/2025,Payout,,,,,,,,"Transfer to Wa Huong, Savings 1608 (USD)",G-27V3AY5ATOL4T,USD,,1291.40,,,,,,
12/15/2025,,Reservation,HMX9SYKC2M,11/25/2025,12/12/2025,12/14/2025,2,Rob Henley,Nashville Legendz: Rooftop Deck,,,USD,653.86,,20.22,,295.00,674.08,127.19,2025
12/15/2025,,Reservation,HMZHNP9BHM,11/27/2025,12/12/2025,12/14/2025,2,Lillian Smith,The Sapphire House: Rooftop Deck,,,USD,637.54,,19.72,,295.00,657.26,124.14,2025
12/12/2025,12/19/2025,Payout,,,,,,,,"Transfer to Wa Huong, Savings 1608 (USD)",G-BKFUZJFFEEW6V,USD,,1400.68,,,,,,
12/12/2025,,Reservation,HMH2NJAPMM,10/14/2025,12/11/2025,12/14/2025,3,Kelly Cobb,The Swiftie Suite: Rooftop Deck,,,USD,1400.68,,43.32,,295.00,1444.00,269.25,2025
12/05/2025,12/12/2025,Payout,,,,,,,,"Transfer to Wa Huong, Savings 1608 (USD)",G-7SOZ3F24BZ44Q,USD,,1213.72,,,,,,
12/05/2025,,Reservation,HM3XYMHRES,10/27/2025,12/04/2025,12/07/2025,3,Chessie Flanders,The Sapphire House: Rooftop Deck,,,USD,1213.72,,37.54,,295.00,1251.26,234.31,2025
11/27/2025,12/05/2025,Payout,,,,,,,,"Transfer to Wa Huong, Savings 1608 (USD)",G-2TWGB3G73HV4H,USD,,1083.86,,,,,,
11/27/2025,,Reservation,HMT4QHWPPB,10/12/2025,11/26/2025,11/29/2025,3,Thomas Swim,The Sapphire House: Rooftop Deck,,,USD,1083.86,,33.52,,295.00,1117.38,210.04,2025
11/26/2025,12/04/2025,Payout,,,,,,,,"Transfer to Wa Huong, Savings 1608 (USD)",G-3IEJ26I2NJDPM,USD,,1279.43,,,,,,
11/26/2025,,Reservation,HMCQ89JCT8,09/30/2025,11/25/2025,11/29/2025,4,Christen Hagan,Nashville Legendz: Rooftop Deck,,,USD,1279.43,,39.57,,295.00,1319.00,249.09,2025
11/24/2025,12/02/2025,Payout,,,,,,,,"Transfer to Wa Huong, Savings 1608 (USD)",G-753D62Q3N3SJL,USD,,1761.52,,,,,,
11/24/2025,,Reservation,HMFF28FDFR,09/30/2025,11/23/2025,11/29/2025,6,Connie Hagan,The Wild West - Nashville: Rooftop Deck,,,USD,1761.52,,54.48,,295.00,1816.00,344.18,2025
11/24/2025,12/01/2025,Payout,,,,,,,,"Transfer to Wa Huong, Savings 1608 (USD)",G-DPLRF36O66RG4,USD,,4014.10,,,,,,
11/24/2025,,Reservation,HM4QZ52RR2,08/18/2025,11/22/2025,11/27/2025,5,Melissa Mitchell,Dolly’s Pink Palace: Rooftop Deck,,,USD,1813.90,,56.10,,295.00,1870.00,351.47,2025
11/24/2025,,Reservation,HMM2BEZ4FM,10/12/2025,11/22/2025,11/29/2025,7,Gigi White,The Swiftie Suite: Rooftop Deck,,,USD,2200.20,,68.05,,295.00,2268.25,428.65,2025
11/24/2025,12/01/2025,Payout,,,,,,,,"Transfer to Wa Huong, Savings 1608 (USD)",G-6CIIX7XHXEUKR,USD,,2824.31,,,,,,
11/24/2025,,Reservation,HM25AHQPPQ,10/07/2025,11/21/2025,11/23/2025,2,Amber Turner,The Sapphire House: Rooftop Deck,,,USD,967.09,,29.91,,295.00,997.00,185.72,2025
11/24/2025,,Reservation,HMRKFXXCS3,10/20/2025,11/21/2025,11/23/2025,2,Kiara Thurman,The Wild West - Nashville: Rooftop Deck,,,USD,866.21,,26.79,,295.00,893.00,166.87,2025
11/24/2025,,Reservation,HMRPM4KRNJ,10/26/2025,11/21/2025,11/24/2025,3,Tonya Smith,Nashville Legendz: Rooftop Deck,,,USD,991.01,,30.65,,295.00,1021.66,192.69,2025
11/24/2025,12/01/2025,Payout,,,,,,,,"Transfer to Wa Huong, Savings 1608 (USD)",G-DFGLOLPANW2MN,USD,,300.00,,,,,,
11/24/2025,,Resolution Payout,HM25AHQPPQ,,11/21/2025,11/23/2025,2,Amber Turner,The Sapphire House: Rooftop Deck,Resolution payout for resolution CLA-JPM4BKCYM8 - Reservation HM25AHQPPQ,,USD,150.00,,,,,150.00,,2025
11/24/2025,,Resolution Payout,HMRKFXXCS3,,11/21/2025,11/23/2025,2,Kiara Thurman,The Wild West - Nashville: Rooftop Deck,Resolution payout for resolution CLA-ZCMYZ3RYBS - Reservation HMRKFXXCS3,,USD,150.00,,,,,150.00,,2025
11/17/2025,11/24/2025,Payout,,,,,,,,"Transfer to Wa Huong, Savings 1608 (USD)",G-XE5XICYTJRQCE,USD,,3172.56,,,,,,
11/17/2025,,Reservation,HMEEKTZ4YE,10/01/2025,11/14/2025,11/16/2025,2,Sarita McCants,Nashville Legendz: Rooftop Deck,,,USD,939.85,,29.07,,295.00,968.92,180.63,2025
11/17/2025,,Reservation,HMH5ANK53M,10/31/2025,11/14/2025,11/16/2025,2,Kimberly Satterfield,Dolly’s Pink Palace: Rooftop Deck,,,USD,866.21,,26.79,,295.00,893.00,166.87,2025
11/17/2025,,Reservation,HMBNPKQEMA,09/27/2025,11/14/2025,11/17/2025,3,Jarvis Conally,The Sapphire House: Rooftop Deck,,,USD,1366.50,,42.26,,295.00,1408.76,262.86,2025
11/14/2025,11/21/2025,Payout,,,,,,,,"Transfer to Wa Huong, Savings 1608 (USD)",G-KLPODO34JUCLC,USD,,1983.65,,,,,,
11/14/2025,,Reservation,HMJN5XP3H4,04/16/2025,11/13/2025,11/17/2025,4,Maria Ocampo,The Swiftie Suite: Rooftop Deck,,,USD,1983.65,,61.35,,295.00,2045.00,380.69,2025
11/14/2025,11/21/2025,Payout,,,,,,,,"Transfer to Wa Huong, Savings 1608 (USD)",G-JWLZKKPUQLFZE,USD,,150.00,,,,,,
11/14/2025,,Resolution Payout,HMJN5XP3H4,,11/13/2025,11/17/2025,4,Maria Ocampo,The Swiftie Suite: Rooftop Deck,Resolution payout for resolution CLA-CZ2S4XBPKW - Reservation HMJN5XP3H4,,USD,150.00,,,,,150.00,,2025
11/10/2025,11/18/2025,Payout,,,,,,,,"Transfer to Wa Huong, Savings 1608 (USD)",G-5UILCNH6KID2Y,USD,,940.90,,,,,,
11/10/2025,,Reservation,HMPQ43SH4J,04/23/2025,11/09/2025,11/12/2025,3,Luis Reyes,Dolly’s Pink Palace: Rooftop Deck,,,USD,940.90,,29.10,,295.00,970.00,183.33,2025
11/10/2025,11/17/2025,Payout,,,,,,,,"Transfer to Wa Huong, Savings 1608 (USD)",G-5HMYZ2UM3J5CO,USD,,995.46,,,,,,
11/10/2025,,Reservation,HMRBPE48SJ,09/11/2025,11/08/2025,11/10/2025,2,Ashia Miller,The Sapphire House: Rooftop Deck,,,USD,995.46,,30.79,,295.00,1026.25,191.02,2025
11/10/2025,11/17/2025,Payout,,,,,,,,"Transfer to Wa Huong, Savings 1608 (USD)",G-S2AK4IJW2KSPC,USD,,1986.06,,,,,,
11/10/2025,,Reservation,HMCQZRQBDM,09/26/2025,11/07/2025,11/09/2025,2,Rachel Mertens,The Wild West - Nashville: Rooftop Deck,,,USD,969.03,,29.97,,295.00,999.00,186.08,2025
11/10/2025,,Reservation,HMRBMX2FYT,09/28/2025,11/07/2025,11/09/2025,2,Lauren Hoops,Dolly’s Pink Palace: Rooftop Deck,,,USD,1017.03,,31.45,,295.00,1048.48,195.05,2025
11/07/2025,11/14/2025,Payout,,,,,,,,"Transfer to Wa Huong, Savings 1608 (USD)",G-A2JSFWWAPS3OX,USD,,1789.65,,,,,,
11/07/2025,,Reservation,HMF49H2BDT,03/07/2025,11/06/2025,11/09/2025,3,Erin Land,The Swiftie Suite: Rooftop Deck,,,USD,1789.65,,55.35,,295.00,1845.00,341.93,2025
11/06/2025,11/14/2025,Payout,,,,,,,,"Transfer to Wa Huong, Savings 1608 (USD)",G-2EZW24X4CS4FC,USD,,1287.31,,,,,,
11/06/2025,,Reservation,HMQCHBEBAY,09/30/2025,11/05/2025,11/09/2025,4,Adrianna Cooper,Nashville Legendz: Rooftop Deck,,,USD,1287.31,,39.81,,295.00,1327.12,250.56,2025
11/05/2025,11/13/2025,Payout,,,,,,,,"Transfer to Wa Huong, Savings 1608 (USD)",G-TNXBPSFVCZIKL,USD,,829.35,,,,,,
11/05/2025,,Reservation,HMNCSAKFRA,03/17/2025,11/04/2025,11/07/2025,3,Hanna Bailey Herrington,The Sapphire House: Rooftop Deck,,,USD,829.35,,25.65,,295.00,855.00,162.48,2025
11/03/2025,11/10/2025,Payout,,,,,,,,"Transfer to Wa Huong, Savings 1608 (USD)",G-GW7KLNDTX7DRA,USD,,2416.51,,,,,,
11/03/2025,,Reservation,HMBA28XJKR,07/14/2025,11/01/2025,11/05/2025,4,Denise Grady,The Swiftie Suite: Rooftop Deck,,,USD,1770.25,,54.75,,295.00,1825.00,340.81,2025
11/03/2025,,Reservation,HMC4HQ8BJE,10/28/2025,11/01/2025,11/03/2025,2,Demetra Mayberry,The Sapphire House: Rooftop Deck,,,USD,646.26,,19.99,,295.00,666.25,125.77,2025
10/24/2025,10/31/2025,Payout,,,,,,,,"Transfer to Wa Huong, Savings 1608 (USD)",G-E65JRJKIXT6T6,USD,,150.00,,,,,,
10/24/2025,,Resolution Payout,HM352XTDPC,,10/23/2025,10/26/2025,3,Kenya Cooper,The Sapphire House: Rooftop Deck,Resolution payout for resolution CLA-RSPMHMECZR - Reservation HM352XTDPC,,USD,150.00,,,,,150.00,,2025
10/24/2025,10/31/2025,Payout,,,,,,,,"Transfer to Wa Huong, Savings 1608 (USD)",G-35MRLXW653OHZ,USD,,4760.49,,,,,,
10/24/2025,,Reservation,HM2RKHMAWH,09/12/2025,10/23/2025,10/26/2025,3,Kristen Sondia,Nashville Legendz: Rooftop Deck,,,USD,1190.23,,36.81,,295.00,1227.04,229.92,2025
10/24/2025,,Reservation,HM352XTDPC,09/14/2025,10/23/2025,10/26/2025,3,Kenya Cooper,The Sapphire House: Rooftop Deck,,,USD,1526.86,,47.22,,295.00,1574.08,292.82,2025
10/24/2025,,Reservation,HMHDFBBFNF,10/05/2025,10/23/2025,10/26/2025,3,Amy Bashore,The Wild West - Nashville: Rooftop Deck,,,USD,1009.87,,31.23,,295.00,1041.10,196.21,2025
10/24/2025,,Reservation,HMJ8FZQQ4R,10/10/2025,10/23/2025,10/26/2025,3,Shannon Frink,The Swiftie Suite: Rooftop Deck,,,USD,1033.53,,31.97,,295.00,1065.50,200.64,2025
10/23/2025,10/31/2025,Payout,,,,,,,,"Transfer to Wa Huong, Savings 1608 (USD)",G-6AJQZRHYKNLM3,USD,,948.58,,,,,,
10/23/2025,,Reservation,HM4ASS9FCT,10/01/2025,10/22/2025,10/25/2025,3,Krista Martin,Dolly’s Pink Palace: Rooftop Deck,,,USD,948.58,,29.34,,295.00,977.92,184.76,2025
10/20/2025,10/27/2025,Payout,,,,,,,,"Transfer to Wa Huong, Savings 1608 (USD)",G-6X7TO5NHW6EVS,USD,,4396.58,,,,,,
10/20/2025,,Reservation,HMEY99FZWA,06/11/2025,10/17/2025,10/20/2025,3,Sara Rozycki,Dolly’s Pink Palace: Rooftop Deck,,,USD,1862.40,,57.60,,295.00,1920.00,355.53,2025
10/20/2025,,Reservation,HMSX89DKAR,07/29/2025,10/17/2025,10/21/2025,4,Sage Bruttaniti,Nashville Legendz: Rooftop Deck,,,USD,1690.71,,52.29,,295.00,1743.00,325.94,2025
10/20/2025,,Reservation,HMQMAX8ZJE,09/26/2025,10/17/2025,10/19/2025,2,Daniel Jean-Baptiste,The Wild West - Nashville: Rooftop Deck,,,USD,843.47,,26.09,,295.00,869.56,162.62,2025
10/17/2025,10/24/2025,Payout,,,,,,,,"Transfer to Wa Huong, Savings 1608 (USD)",G-L6YAW5D7MHCIT,USD,,150.00,,,,,,
10/17/2025,,Resolution Payout,HMDM538HSC,,10/16/2025,10/19/2025,3,Hayley Aguillard,The Sapphire House: Rooftop Deck,Resolution payout for resolution CLA-S8STXSWQ3K - Reservation HMDM538HSC,,USD,150.00,,,,,150.00,,2025
10/17/2025,10/24/2025,Payout,,,,,,,,"Transfer to Wa Huong, Savings 1608 (USD)",G-F3KVICPPGHWPF,USD,,3981.85,,,,,,
10/17/2025,,Reservation,HMDM538HSC,05/01/2025,10/16/2025,10/19/2025,3,Hayley Aguillard,The Sapphire House: Rooftop Deck,,,USD,1949.70,,60.30,,295.00,2010.00,371.84,2025
10/17/2025,,Reservation,HMFKXXRX5D,05/05/2025,10/16/2025,10/19/2025,3,Mary Elizabeth Furr Alexander,The Swiftie Suite: Rooftop Deck,,,USD,2032.15,,62.85,,295.00,2095.00,387.25,2025
10/17/2025,10/24/2025,Payout,,,,,,,,"Transfer to Wa Huong, Savings 1608 (USD)",G-NQYWWWFL5COAM,USD,,150.00,,,,,,
10/17/2025,,Resolution Payout,HMHDFBBFNF,,10/23/2025,10/26/2025,3,Amy Bashore,The Wild West - Nashville: Rooftop Deck,Resolution payout for resolution CLA-REWAAXSBXM - Reservation HMHDFBBFNF,,USD,150.00,,,,,150.00,,2025
10/14/2025,10/22/2025,Payout,,,,,,,,"Transfer to Wa Huong, Savings 1608 (USD)",G-X7LOMOVQIRQH7,USD,,1047.60,,,,,,
10/14/2025,,Reservation,HM8JPTBRAN,06/30/2025,10/13/2025,10/17/2025,4,Deborah Michelle Wutz,Dolly’s Pink Palace: Rooftop Deck,,,USD,1047.60,,32.40,,295.00,1080.00,205.77,2025
10/13/2025,10/20/2025,Payout,,,,,,,,"Transfer to Wa Huong, Savings 1608 (USD)",G-2KLFSMW7JKY73,USD,,3526.49,,,,,,
10/13/2025,,Reservation,HMPKY53CBT,05/29/2025,10/11/2025,10/14/2025,3,Amy Aitken,The Sapphire House: Rooftop Deck,,,USD,1547.15,,47.85,,295.00,1595.00,296.62,2025
10/13/2025,,Reservation,HM4EHDHY5E,06/21/2025,10/11/2025,10/15/2025,4,Melissa White,Nashville Legendz: Rooftop Deck,,,USD,1275.55,,39.45,,295.00,1315.00,248.36,2025
10/13/2025,,Reservation,HMDP3MKE3T,09/27/2025,10/11/2025,10/13/2025,2,Michael Benkarski,The Wild West - Nashville: Rooftop Deck,,,USD,703.79,,21.77,,295.00,725.56,136.52,2025
10/13/2025,10/20/2025,Payout,,,,,,,,"Transfer to Wa Huong, Savings 1608 (USD)",G-FKZXUTAKQ6WVZ,USD,,1862.40,,,,,,
10/13/2025,,Reservation,HMNWDHDKBQ,06/22/2025,10/10/2025,10/13/2025,3,Brittney Coronado,Dolly’s Pink Palace: Rooftop Deck,,,USD,1862.40,,57.60,,295.00,1920.00,355.53,2025
10/13/2025,10/20/2025,Payout,,,,,,,,"Transfer to Wa Huong, Savings 1608 (USD)",G-22ABQUHFEPMUJ,USD,,150.00,,,,,,
10/13/2025,,Resolution Payout,HMNWDHDKBQ,,10/10/2025,10/13/2025,3,Brittney Coronado,Dolly’s Pink Palace: Rooftop Deck,Resolution payout for resolution CLA-FZN4RTSDNR - Reservation HMNWDHDKBQ,,USD,150.00,,,,,150.00,,2025
10/10/2025,10/17/2025,Payout,,,,,,,,"Transfer to Wa Huong, Savings 1608 (USD)",G-2TPZXNA3VZA7C,USD,,1935.15,,,,,,
10/10/2025,,Reservation,HMCJCYRWXM,06/25/2025,10/09/2025,10/12/2025,3,Courtney Carlo,The Swiftie Suite: Rooftop Deck,,,USD,1935.15,,59.85,,295.00,1995.00,369.12,2025
10/09/2025,10/17/2025,Payout,,,,,,,,"Transfer to Wa Huong, Savings 1608 (USD)",G-JW76UG6KMDYC3,USD,,1672.86,,,,,,
10/09/2025,,Reservation,HMWM3ADEC9,09/23/2025,10/08/2025,10/11/2025,3,Yonatan Kenzo,Nashville Legendz: Rooftop Deck,,,USD,944.39,,29.21,,295.00,973.60,183.98,2025
10/09/2025,,Reservation,HMQQTYYHFT,10/07/2025,10/08/2025,10/11/2025,3,Luke Gawne,The Sapphire House: Rooftop Deck,,,USD,728.47,,22.53,,0.00,751.00,143.63,2025
10/09/2025,10/17/2025,Payout,,,,,,,,"Transfer to Wa Huong, Savings 1608 (USD)",G-E5JA3UM5LLKOJ,USD,,75.00,,,,,,
10/09/2025,,Resolution Payout,HMWM3ADEC9,,10/08/2025,10/11/2025,3,Yonatan Kenzo,Nashville Legendz: Rooftop Deck,Resolution payout for resolution CLA-FXH2CFBPB5 - Reservation HMWM3ADEC9,,USD,75.00,,,,,75.00,,2025
10/06/2025,10/13/2025,Payout,,,,,,,,"Transfer to Wa Huong, Savings 1608 (USD)",G-PCKIWJ4FNZ36L,USD,,1193.59,,,,,,
10/06/2025,,Reservation,HMR2HNHQN2,09/03/2025,10/03/2025,10/05/2025,2,Mayra Lopez,The Sapphire House: Rooftop Deck,,,USD,1193.59,,36.91,,295.00,1230.50,228.05,2025
10/03/2025,10/10/2025,Payout,,,,,,,,"Transfer to Wa Huong, Savings 1608 (USD)",G-BWGLPB533XT7U,USD,,4242.64,,,,,,
10/03/2025,,Reservation,HMBCBQXT3C,03/24/2025,10/02/2025,10/05/2025,3,Danielle Correll,The Swiftie Suite: Rooftop Deck,,,USD,1910.90,,59.10,,295.00,1970.00,364.59,2025
10/03/2025,,Reservation,HMHSWQKWR4,09/05/2025,10/02/2025,10/05/2025,3,Tina Vo,Dolly’s Pink Palace: Rooftop Deck,,,USD,1317.86,,40.76,,295.00,1358.62,253.77,2025
10/03/2025,,Reservation,HMZAZSSCJA,09/17/2025,10/02/2025,10/05/2025,3,Shawn Miller,Nashville Legendz: Rooftop Deck,,,USD,1013.88,,31.36,,295.00,1045.24,196.96,2025
09/29/2025,10/06/2025,Payout,,,,,,,,"Transfer to Wa Huong, Savings 1608 (USD)",G-UVXIPM6EG7X6L,USD,,867.96,,,,,,
09/29/2025,,Reservation,HMQH9W324D,08/31/2025,09/27/2025,09/29/2025,2,Rebecca Ponzio,Dolly’s Pink Palace: Rooftop Deck,,,USD,867.96,,26.84,,295.00,894.80,167.20,2025
09/29/2025,10/06/2025,Payout,,,,,,,,"Transfer to Wa Huong, Savings 1608 (USD)",G-EI2ZECNSG6NFB,USD,,1078.56,,,,,,
09/29/2025,,Reservation,HMBS42AXXZ,08/24/2025,09/26/2025,09/28/2025,2,Krinjal Patel,The Sapphire House: Rooftop Deck,,,USD,1078.56,,33.36,,295.00,1111.92,206.55,2025
09/26/2025,10/03/2025,Payout,,,,,,,,"Transfer to Wa Huong, Savings 1608 (USD)",G-ZXTP2AJDCE6WG,USD,,1784.51,,,,,,
09/26/2025,,Reservation,HMSA3PN9TR,08/31/2025,09/25/2025,09/27/2025,2,Morgan Hillard,Dolly’s Pink Palace: Rooftop Deck,,,USD,867.96,,26.84,,295.00,894.80,167.20,2025
09/26/2025,,Reservation,HMFKMYZDS3,09/11/2025,09/25/2025,09/28/2025,3,Isabel Luna,Nashville Legendz: Rooftop Deck,,,USD,916.55,,28.35,,295.00,944.90,178.78,2025
09/25/2025,10/03/2025,Payout,,,,,,,,"Transfer to Wa Huong, Savings 1608 (USD)",G-673EQWIUCDMTQ,USD,,150.00,,,,,,
09/25/2025,,Resolution Payout,HMN4N82DJ5,,09/24/2025,09/28/2025,4,Alex Keshner,The Swiftie Suite: Rooftop Deck,Resolution payout for resolution CLA-52XC8JHSNS - Reservation HMN4N82DJ5,,USD,150.00,,,,,150.00,,2025
09/25/2025,10/03/2025,Payout,,,,,,,,"Transfer to Wa Huong, Savings 1608 (USD)",G-JURDSEWPOA7TM,USD,,2442.46,,,,,,
09/25/2025,,Reservation,HMN4N82DJ5,04/25/2025,09/24/2025,09/28/2025,4,Alex Keshner,The Swiftie Suite: Rooftop Deck,,,USD,2442.46,,75.54,,295.00,2518.00,466.42,2025
09/22/2025,09/29/2025,Payout,,,,,,,,"Transfer to Wa Huong, Savings 1608 (USD)",G-NCWQDQOTMFVBA,USD,,150.00,,,,,,
09/22/2025,,Resolution Payout,HMJ2JYBJ8J,,09/19/2025,09/22/2025,3,Katie Hoover,The Swiftie Suite: Rooftop Deck,Resolution payout for resolution CLA-5A83A3J5ZQ - Reservation HMJ2JYBJ8J,,USD,150.00,,,,,150.00,,2025
09/22/2025,09/29/2025,Payout,,,,,,,,"Transfer to Wa Huong, Savings 1608 (USD)",G-A6GILTKS6YH7W,USD,,4138.92,,,,,,
09/22/2025,,Reservation,HMJ2JYBJ8J,02/23/2025,09/19/2025,09/22/2025,3,Katie Hoover,The Swiftie Suite: Rooftop Deck,,,USD,1935.15,,59.85,,295.00,1995.00,369.12,2025
09/22/2025,,Reservation,HMR9TYYHRR,08/18/2025,09/19/2025,09/22/2025,3,Melissa Key,Dolly’s Pink Palace: Rooftop Deck,,,USD,1296.04,,40.08,,295.00,1336.12,249.69,2025
09/22/2025,,Reservation,HMTSP5X2MT,08/18/2025,09/19/2025,09/21/2025,2,Timirial Jordan,Nashville Legendz: Rooftop Deck,,,USD,907.73,,28.07,,295.00,935.80,174.63,2025
09/19/2025,09/26/2025,Payout,,,,,,,,"Transfer to Wa Huong, Savings 1608 (USD)",G-AYDQZWMNGIWN5,USD,,2078.71,,,,,,
09/19/2025,,Reservation,HMHQRCZJ29,03/06/2025,09/18/2025,09/21/2025,3,Raisa Jartchinskaia,The Sapphire House: Rooftop Deck,,,USD,2078.71,,64.29,,295.00,2143.00,395.95,2025
09/18/2025,09/26/2025,Payout,,,,,,,,"Transfer to Wa Huong, Savings 1608 (USD)",G-BVZWV4JNP2R4S,USD,,635.35,,,,,,
09/18/2025,,Reservation,HM9MRDQ4C9,08/13/2025,09/17/2025,09/19/2025,2,Katie Tucker,Dolly’s Pink Palace: Rooftop Deck,,,USD,635.35,,19.65,,295.00,655.00,123.73,2025
09/12/2025,09/19/2025,Payout,,,,,,,,"Transfer to Wa Huong, Savings 1608 (USD)",G-5W3WER3WUYFTT,USD,,2296.96,,,,,,
09/12/2025,,Reservation,HMPNTMMXFP,03/29/2025,09/11/2025,09/14/2025,3,Kathryn Inman,The Swiftie Suite: Rooftop Deck,,,USD,2296.96,,71.04,,295.00,2368.00,436.74,2025
09/08/2025,09/15/2025,Payout,,,,,,,,"Transfer to Wa Huong, Savings 1608 (USD)",G-JWRISI75UVGWL,USD,,150.00,,,,,,
09/08/2025,,Resolution Payout,HMF5NHXZF3,,09/05/2025,09/07/2025,2,Amber Grant,The Sapphire House: Rooftop Deck,Resolution payout for resolution CLA-B5539WWXJR - Reservation HMF5NHXZF3,,USD,150.00,,,,,150.00,,2025
09/08/2025,09/15/2025,Payout,,,,,,,,"Transfer to Wa Huong, Savings 1608 (USD)",G-LOIVSE7HY6C6F,USD,,854.18,,,,,,
09/08/2025,,Reservation,HMF5NHXZF3,08/28/2025,09/05/2025,09/07/2025,2,Amber Grant,The Sapphire House: Rooftop Deck,,,USD,854.18,,26.42,,295.00,880.60,164.62,2025
09/01/2025,09/08/2025,Payout,,,,,,,,"Transfer to Wa Huong, Savings 1608 (USD)",G-KBEKAYICAHTQP,USD,,984.55,,,,,,
09/01/2025,,Reservation,HMQ9YA3A2H,06/26/2025,08/30/2025,09/02/2025,3,Kelly Weber,Nashville Legendz: Rooftop Deck,,,USD,984.55,,30.45,,295.00,1015.00,191.48,2025
09/01/2025,09/08/2025,Payout,,,,,,,,"Transfer to Wa Huong, Savings 1608 (USD)",G-JVDLLP2CTJGYF,USD,,3700.55,,,,,,
09/01/2025,,Reservation,HMYFXPWNRX,03/18/2025,08/29/2025,09/01/2025,3,Sydney Ballew,The Swiftie Suite: Rooftop Deck,,,USD,1838.15,,56.85,,295.00,1895.00,351.00,2025
09/01/2025,,Reservation,HMKXHMP452,06/23/2025,08/29/2025,09/02/2025,4,Joanna Karavolias,Dolly’s Pink Palace: Rooftop Deck,,,USD,1862.40,,57.60,,295.00,1920.00,358.03,2025
09/01/2025,09/08/2025,Payout,,,,,,,,"Transfer to Wa Huong, Savings 1608 (USD)",G-DNI62IBNMJTM5,USD,,150.00,,,,,,
09/01/2025,,Resolution Payout,HMYFXPWNRX,,08/29/2025,09/01/2025,3,Sydney Ballew,The Swiftie Suite: Rooftop Deck,Resolution payout for resolution CLA-JJTCHEKEW3 - Reservation HMYFXPWNRX,,USD,150.00,,,,,150.00,,2025
08/29/2025,09/05/2025,Payout,,,,,,,,"Transfer to Wa Huong, Savings 1608 (USD)",G-GKUNLDMCTZYQN,USD,,2104.90,,,,,,
08/29/2025,,Reservation,HM49NZXAAX,02/28/2025,08/28/2025,08/31/2025,3,Lyzette Pena,The Sapphire House: Rooftop Deck,,,USD,2104.90,,65.10,,295.00,2170.00,400.84,2025
08/25/2025,09/01/2025,Payout,,,,,,,,"Transfer to Wa Huong, Savings 1608 (USD)",G-FLZKRQBJ2SXIK,USD,,894.63,,,,,,
08/25/2025,,Reservation,HMF25M8HKR,07/26/2025,08/23/2025,08/26/2025,3,Chyna Young,Nashville Legendz: Rooftop Deck,,,USD,894.63,,27.67,,295.00,922.30,174.68,2025
08/25/2025,09/01/2025,Payout,,,,,,,,"Transfer to Wa Huong, Savings 1608 (USD)",G-V2XKD5DNJLSE7,USD,,964.82,,,,,,
08/25/2025,,Reservation,HMPCK3KTAE,07/24/2025,08/22/2025,08/24/2025,2,Molly Spiller,Dolly’s Pink Palace: Rooftop Deck,,,USD,964.82,,29.84,,295.00,994.66,185.30,2025
08/22/2025,08/29/2025,Payout,,,,,,,,"Transfer to Wa Huong, Savings 1608 (USD)",G-HDTBL5TBUOPKY,USD,,1462.13,,,,,,
08/22/2025,,Reservation,HM24M9RWS5,07/25/2025,08/21/2025,08/25/2025,4,Vivian Villarreal,The Sapphire House: Rooftop Deck,,,USD,1462.13,,45.22,,295.00,1507.35,283.23,2025
08/11/2025,08/18/2025,Payout,,,,,,,,"Transfer to Wa Huong, Savings 1608 (USD)",G-BVJLVY3H43JBZ,USD,,1235.14,,,,,,
08/11/2025,,Reservation,HMEZMDSCYW,07/07/2025,08/09/2025,08/13/2025,4,John Brown,The Sapphire House: Rooftop Deck,,,USD,1235.14,,38.20,,295.00,1273.34,240.81,2025
08/11/2025,08/18/2025,Payout,,,,,,,,"Transfer to Wa Huong, Savings 1608 (USD)",G-3PKHVLZMHKRJB,USD,,150.00,,,,,,
08/11/2025,,Resolution Payout,HMEZMDSCYW,,08/09/2025,08/13/2025,4,John Brown,The Sapphire House: Rooftop Deck,Resolution payout for resolution CLA-45T58WKPSW - Reservation HMEZMDSCYW,,USD,150.00,,,,,150.00,,2025
08/11/2025,08/18/2025,Payout,,,,,,,,"Transfer to Wa Huong, Savings 1608 (USD)",G-E7GIDLE5LKQ7O,USD,,805.68,,,,,,
08/11/2025,,Reservation,HM8QRRH5Y5,07/29/2025,08/08/2025,08/10/2025,2,Samantha Perez,Nashville Legendz: Rooftop Deck,,,USD,805.68,,24.92,,295.00,830.60,155.56,2025
08/11/2025,08/18/2025,Payout,,,,,,,,"Transfer to Wa Huong, Savings 1608 (USD)",G-AYFW2V4QB2ZA5,USD,,350.00,,,,,,
08/11/2025,,Resolution Payout,HMF39EEC3W,,07/20/2025,07/23/2025,3,Laticia Munn,The Swiftie Suite: Rooftop Deck,AirCover damage reimbursement for resolution CLSF-04749756,,USD,350.00,,,,,350.00,,2025
08/08/2025,08/15/2025,Payout,,,,,,,,"Transfer to Wa Huong, Savings 1608 (USD)",G-WV47QCFSPX7QS,USD,,150.00,,,,,,
08/08/2025,,Resolution Payout,HMTM3SZ53S,,08/07/2025,08/10/2025,3,Akira ,The Swiftie Suite: Rooftop Deck,Resolution payout for resolution CLA-ASY8ZJ5QJR - Reservation HMTM3SZ53S,,USD,150.00,,,,,150.00,,2025
08/04/2025,08/12/2025,Payout,,,,,,,,"Transfer to Wa Huong, Savings 1608 (USD)",G-AZKMELONKKCIT,USD,,1557.29,,,,,,
08/04/2025,,Reservation,HMWDK8BW5J,07/25/2025,08/03/2025,08/09/2025,6,Ashley Templeton,The Swiftie Suite: Rooftop Deck,,,USD,1557.29,,48.16,,295.00,1605.45,306.01,2025
08/04/2025,08/11/2025,Payout,,,,,,,,"Transfer to Wa Huong, Savings 1608 (USD)",G-ZCVXB4SEDAOCR,USD,,150.00,,,,,,
08/04/2025,,Resolution Payout,HMDSQZ92BB,,08/01/2025,08/03/2025,2,Alana Saenz,Dolly’s Pink Palace: Rooftop Deck,Resolution payout for resolution CLA-BWXQAKHXW8 - Reservation HMDSQZ92BB,,USD,150.00,,,,,150.00,,2025
08/04/2025,08/11/2025,Payout,,,,,,,,"Transfer to Wa Huong, Savings 1608 (USD)",G-7TM7J53NYEH4Y,USD,,2477.01,,,,,,
08/04/2025,,Reservation,HMSQKCMQ5R,06/17/2025,08/01/2025,08/03/2025,2,JeanMarie McGrogan,The Sapphire House: Rooftop Deck,,,USD,1355.57,,41.93,,295.00,1397.50,258.32,2025
08/04/2025,,Reservation,HMDSQZ92BB,06/21/2025,08/01/2025,08/03/2025,2,Alana Saenz,Dolly’s Pink Palace: Rooftop Deck,,,USD,1121.44,,34.68,,295.00,1156.12,214.56,2025
08/04/2025,08/11/2025,Payout,,,,,,,,"Transfer to Wa Huong, Savings 1608 (USD)",G-4N5GSGTTS23KW,USD,,100.00,,,,,,
08/04/2025,,Resolution Payout,HMDSQZ92BB,,08/01/2025,08/03/2025,2,Alana Saenz,Dolly’s Pink Palace: Rooftop Deck,Resolution payout for resolution CLA-MMKMZJ8248 - Reservation HMDSQZ92BB,,USD,100.00,,,,,100.00,,2025
07/30/2025,08/07/2025,Payout,,,,,,,,"Transfer to Wa Huong, Savings 1608 (USD)",G-R2D3MY4HSEIZX,USD,,1712.05,,,,,,
07/30/2025,,Reservation,HMY4DHBFMS,01/08/2025,07/29/2025,08/02/2025,4,Maria Ringer,The Swiftie Suite: Rooftop Deck,,,USD,1712.05,,52.95,,295.00,1765.00,319.86,2025
07/30/2025,08/07/2025,Payout,,,,,,,,"Transfer to Wa Huong, Savings 1608 (USD)",G-XWWR4ZX7A3BNV,USD,,150.00,,,,,,
07/30/2025,,Resolution Payout,HMY4DHBFMS,,07/29/2025,08/02/2025,4,Maria Ringer,The Swiftie Suite: Rooftop Deck,Resolution payout for resolution CLA-PWEN8T4R38 - Reservation HMY4DHBFMS,,USD,150.00,,,,,150.00,,2025
07/25/2025,08/01/2025,Payout,,,,,,,,"Transfer to Wa Huong, Savings 1608 (USD)",G-POA43Z7FX4NJI,USD,,5087.65,,,,,,
07/25/2025,,Reservation,HMMNP528BJ,02/10/2025,07/24/2025,07/27/2025,3,Karen Liendo,The Swiftie Suite: Rooftop Deck,,,USD,2007.90,,62.10,,295.00,2070.00,382.72,2025
07/25/2025,,Reservation,HMWRHMKFX8,05/26/2025,07/24/2025,07/27/2025,3,Kayla Guajardo,The Sapphire House: Rooftop Deck,,,USD,1789.65,,55.35,,295.00,1845.00,341.93,2025
07/25/2025,,Reservation,HMFKZBXKA9,06/11/2025,07/24/2025,07/27/2025,3,Camryn Mayeux,Dolly’s Pink Palace: Rooftop Deck,,,USD,1290.10,,39.90,,295.00,1330.00,248.58,2025
07/23/2025,07/31/2025,Payout,,,,,,,,"Transfer to Wa Huong, Savings 1608 (USD)",G-BISDYQGAYSNM4,USD,,548.05,,,,,,
07/23/2025,,Reservation,HMR4XTSBDX,07/22/2025,07/22/2025,07/24/2025,2,Ryan Frantz,The Sapphire House: Rooftop Deck,,,USD,548.05,,16.95,,295.00,565.00,107.42,2025
07/21/2025,07/29/2025,Payout,,,,,,,,"Transfer to Wa Huong, Savings 1608 (USD)",G-HREYUEMOFP5MA,USD,,2321.55,,,,,,
07/21/2025,,Reservation,HMF39EEC3W,05/06/2025,07/20/2025,07/23/2025,3,Laticia Munn,The Swiftie Suite: Rooftop Deck,,,USD,829.35,,25.65,,295.00,855.00,162.48,2025
07/21/2025,,Reservation,HMZCX99T4P,06/27/2025,07/20/2025,07/27/2025,7,Timothy Schneider,Nashville Legendz: Rooftop Deck,,,USD,1492.20,,46.15,,295.00,1538.35,296.35,2025
07/21/2025,07/28/2025,Payout,,,,,,,,"Transfer to Wa Huong, Savings 1608 (USD)",G-JORJY4VUQIACV,USD,,862.33,,,,,,
07/21/2025,,Reservation,HMFJCACF4H,06/27/2025,07/18/2025,07/20/2025,2,Temekia Smith,Nashville Legendz: Rooftop Deck,,,USD,862.33,,26.67,,295.00,889.00,166.14,2025
07/18/2025,07/25/2025,Payout,,,,,,,,"Transfer to Wa Huong, Savings 1608 (USD)",G-5H5QJRVQMUPZN,USD,,5878.20,,,,,,
07/18/2025,,Reservation,HMFQEC39WJ,03/18/2025,07/17/2025,07/20/2025,3,Whitney Burris,The Swiftie Suite: Rooftop Deck,,,USD,1910.90,,59.10,,295.00,1970.00,364.59,2025
07/18/2025,,Reservation,HMEXPXPC4D,03/21/2025,07/17/2025,07/20/2025,3,Angelica Patino,The Sapphire House: Rooftop Deck,,,USD,1789.65,,55.35,,295.00,1845.00,341.93,2025
07/18/2025,,Reservation,HM5JNASF89,04/15/2025,07/17/2025,07/21/2025,4,Zoe Schumer,Dolly’s Pink Palace: Rooftop Deck,,,USD,2177.65,,67.35,,295.00,2245.00,416.94,2025
07/14/2025,07/21/2025,Payout,,,,,,,,"Transfer to Wa Huong, Savings 1608 (USD)",G-4WSKJ3BBV6B6Q,USD,,1031.11,,,,,,
07/14/2025,,Reservation,HMFN8YR4FR,07/10/2025,07/12/2025,07/16/2025,4,Aiman Khan,The Swiftie Suite: Rooftop Deck,,,USD,1031.11,,31.89,,295.00,1063.00,202.68,2025
07/14/2025,07/21/2025,Payout,,,,,,,,"Transfer to Wa Huong, Savings 1608 (USD)",G-UIUTG5Y4BJQMA,USD,,808.20,,,,,,
07/14/2025,,Reservation,HMJFXPS2XD,07/10/2025,07/11/2025,07/13/2025,2,Jaresha Blakemore,Dolly’s Pink Palace: Rooftop Deck,,,USD,808.20,,25.00,,295.00,833.20,156.03,2025
07/11/2025,07/18/2025,Payout,,,,,,,,"Transfer to Wa Huong, Savings 1608 (USD)",G-4YUYVHR5NIRUA,USD,,1188.83,,,,,,
07/11/2025,,Reservation,HMWC2FFTBN,06/20/2025,07/10/2025,07/13/2025,3,Sasha Welch,The Sapphire House: Rooftop Deck,,,USD,1188.83,,36.77,,295.00,1225.60,229.66,2025
07/07/2025,07/14/2025,Payout,,,,,,,,"Transfer to Wa Huong, Savings 1608 (USD)",G-SEEMWHJMUR2F3,USD,,1073.06,,,,,,
07/07/2025,,Reservation,HMQPX22D5C,06/02/2025,07/05/2025,07/07/2025,2,Lauren Peterson,The Swiftie Suite: Rooftop Deck,,,USD,1073.06,,33.19,,295.00,1106.25,205.52,2025
07/04/2025,07/11/2025,Payout,,,,,,,,"Transfer to Wa Huong, Savings 1608 (USD)",G-PJ7GGGFVLVEXU,USD,,1263.91,,,,,,
07/04/2025,,Reservation,HMAR9T2TTR,06/27/2025,07/03/2025,07/09/2025,6,Angela Petano,Nashville Legendz: Rooftop Deck,,,USD,1263.91,,39.09,,295.00,1303.00,251.19,2025
06/27/2025,07/04/2025,Payout,,,,,,,,"Transfer to Wa Huong, Savings 1608 (USD)",G-CJB6Q7DQPRIQN,USD,,2370.68,,,,,,
06/27/2025,,Reservation,HMJPX4ME5E,11/28/2024,06/26/2025,06/29/2025,3,Alyssa Williams,The Swiftie Suite: Rooftop Deck,,,USD,2370.68,,73.32,,295.00,2444.00,436.57,2025
06/26/2025,07/04/2025,Payout,,,,,,,,"Transfer to Wa Huong, Savings 1608 (USD)",G-J5Y724KBU6XGQ,USD,,4048.29,,,,,,
06/26/2025,,Reservation,HMAHPZAFPD,02/06/2025,06/25/2025,06/29/2025,4,Shirley Haines,The Sapphire House: Rooftop Deck,,,USD,2395.90,,74.10,,295.00,2470.00,457.72,2025
06/26/2025,,Reservation,HM5RSNYFJD,05/16/2025,06/25/2025,06/30/2025,5,Nicole Hood,Dolly’s Pink Palace: Rooftop Deck,,,USD,1652.39,,51.11,,295.00,1703.50,321.29,2025
06/23/2025,06/30/2025,Payout,,,,,,,,"Transfer to Wa Huong, Savings 1608 (USD)",G-I6DMOA7K3PWGL,USD,,1362.85,,,,,,
06/23/2025,,Reservation,HMADBHCYYM,02/24/2025,06/21/2025,06/25/2025,4,Kathy Burd,The Swiftie Suite: Rooftop Deck,,,USD,1362.85,,42.15,,295.00,1405.00,264.68,2025
06/20/2025,06/27/2025,Payout,,,,,,,,"Transfer to Wa Huong, Savings 1608 (USD)",G-HOA4RJ5Y6Q5KT,USD,,3522.26,,,,,,
06/20/2025,,Reservation,HMS4D4PFN3,02/20/2025,06/19/2025,06/22/2025,3,Ashley Doherty,The Sapphire House: Rooftop Deck,,,USD,2129.15,,65.85,,295.00,2195.00,405.38,2025
06/20/2025,,Reservation,HM5AH55KPH,05/16/2025,06/19/2025,06/23/2025,4,Susan Kersey,Dolly’s Pink Palace: Rooftop Deck,,,USD,1393.11,,43.09,,295.00,1436.20,270.33,2025
06/20/2025,06/27/2025,Payout,,,,,,,,"Transfer to Wa Huong, Savings 1608 (USD)",G-J6WR2NWCB4WNR,USD,,150.00,,,,,,
06/20/2025,,Resolution Payout,HMS4D4PFN3,,06/19/2025,06/22/2025,3,Ashley Doherty,The Sapphire House: Rooftop Deck,Resolution payout for resolution CLA-P3XXSNYM3E - Reservation HMS4D4PFN3,,USD,150.00,,,,,150.00,,2025
06/19/2025,06/27/2025,Payout,,,,,,,,"Transfer to Wa Huong, Savings 1608 (USD)",G-WUPIX3DN3FQUE,USD,,1634.45,,,,,,
06/19/2025,,Reservation,HMNRWC43QE,12/20/2024,06/18/2025,06/21/2025,3,Kayla Bennett,The Swiftie Suite: Rooftop Deck,,,USD,1634.45,,50.55,,295.00,1685.00,303.32,2025
06/16/2025,06/23/2025,Payout,,,,,,,,"Transfer to Wa Huong, Savings 1608 (USD)",G-VBYZYDJ5ZUUJB,USD,,694.57,,,,,,
06/16/2025,,Reservation,HMCEBQXTRZ,06/13/2025,06/14/2025,06/16/2025,2,Megan Marmillion,The Sapphire House: Rooftop Deck,,,USD,694.57,,21.48,,295.00,716.05,134.79,2025
06/12/2025,06/20/2025,Payout,,,,,,,,"Transfer to Wa Huong, Savings 1608 (USD)",G-ZXLBHPRC6MALC,USD,,100.00,,,,,,
06/12/2025,,Resolution Payout,HMH5NBQES3,,06/10/2025,06/14/2025,4,Kelsey Sirchia,The Swiftie Suite: Rooftop Deck,Resolution payout for resolution CLA-RECC4CWF8N - Reservation HMH5NBQES3,,USD,100.00,,,,,100.00,,2025
06/11/2025,06/19/2025,Payout,,,,,,,,"Transfer to Wa Huong, Savings 1608 (USD)",G-XKDTUVTNTAQCE,USD,,1644.15,,,,,,
06/11/2025,,Reservation,HMH5NBQES3,01/16/2025,06/10/2025,06/14/2025,4,Kelsey Sirchia,The Swiftie Suite: Rooftop Deck,,,USD,1644.15,,50.85,,295.00,1695.00,317.24,2025
06/09/2025,06/16/2025,Payout,,,,,,,,"Transfer to Wa Huong, Savings 1608 (USD)",G-EVLXYNPG772BB,USD,,1671.42,,,,,,
06/09/2025,,Resolution Payout,HM8P9CA8TN,,05/16/2025,05/19/2025,3,Ruthie Johnson,The Sapphire House: Rooftop Deck,AirCover damage reimbursement for resolution CLSF-04429613,,USD,512.27,,,,,512.27,,2025
06/09/2025,,Reservation,HM3AY24CJW,05/08/2025,06/06/2025,06/08/2025,2,Makaila Penley,Dolly’s Pink Palace: Rooftop Deck,,,USD,1159.15,,35.85,,295.00,1195.00,221.61,2025
06/06/2025,06/13/2025,Payout,,,,,,,,"Transfer to Wa Huong, Savings 1608 (USD)",G-3FJRUWQ5YZ5BM,USD,,200.00,,,,,,
06/06/2025,,Resolution Payout,HMJQ2C2QYN,,06/04/2025,06/08/2025,4,Amanda Wiafe,The Sapphire House: Rooftop Deck,Resolution payout for resolution CLA-M2C9PNY5P5 - Reservation HMJQ2C2QYN,,USD,100.00,,,,,100.00,,2025
06/06/2025,,Resolution Payout,HMXTS8H5WK,,06/05/2025,06/08/2025,3,Nicole Selz,The Swiftie Suite: Rooftop Deck,Resolution payout for resolution CLA-KK52WNNSBA - Reservation HMXTS8H5WK,,USD,100.00,,,,,100.00,,2025
06/06/2025,06/13/2025,Payout,,,,,,,,"Transfer to Wa Huong, Savings 1608 (USD)",G-AQF7P7RUMUK7R,USD,,2226.15,,,,,,
06/06/2025,,Reservation,HMXTS8H5WK,01/23/2025,06/05/2025,06/08/2025,3,Nicole Selz,The Swiftie Suite: Rooftop Deck,,,USD,2226.15,,68.85,,295.00,2295.00,410.41,2025
06/05/2025,06/13/2025,Payout,,,,,,,,"Transfer to Wa Huong, Savings 1608 (USD)",G-HJOMGKNHUQX2C,USD,,1828.45,,,,,,
06/05/2025,,Reservation,HMJQ2C2QYN,02/03/2025,06/04/2025,06/08/2025,4,Amanda Wiafe,The Sapphire House: Rooftop Deck,,,USD,1828.45,,56.55,,295.00,1885.00,351.68,2025
06/02/2025,06/09/2025,Payout,,,,,,,,"Transfer to Wa Huong, Savings 1608 (USD)",G-P5FQRUZ4QBM7D,USD,,1087.91,,,,,,
06/02/2025,,Reservation,HMST33TRN3,04/14/2025,05/31/2025,06/03/2025,3,Amanda Corrigan,The Sapphire House: Rooftop Deck,,,USD,1087.91,,33.65,,295.00,1121.56,210.80,2025
05/30/2025,06/06/2025,Payout,,,,,,,,"Transfer to Wa Huong, Savings 1608 (USD)",G-SL2ELINIC33KH,USD,,100.00,,,,,,
05/30/2025,,Resolution Payout,HMWDYPDTRN,,05/29/2025,06/01/2025,3,Madison VanHaaren,The Swiftie Suite: Rooftop Deck,Resolution payout for resolution CLA-2WERF3QHYN - Reservation HMWDYPDTRN,,USD,100.00,,,,,100.00,,2025
05/30/2025,06/06/2025,Payout,,,,,,,,"Transfer to Wa Huong, Savings 1608 (USD)",G-YU2Q6VKOLWAMI,USD,,5053.12,,,,,,
05/30/2025,,Reservation,HMWDYPDTRN,01/19/2025,05/29/2025,06/01/2025,3,Madison VanHaaren,The Swiftie Suite: Rooftop Deck,,,USD,1998.20,,61.80,,295.00,2060.00,371.32,2025
05/30/2025,,Reservation,HMDMZA9Y4N,03/30/2025,05/29/2025,06/02/2025,4,Ellen Romano,Dolly’s Pink Palace: Rooftop Deck,,,USD,1877.92,,58.08,,0.00,1936.00,360.93,2025
05/30/2025,,Reservation,HMPXD4BXNW,03/25/2025,05/29/2025,05/31/2025,2,Kate Titsworth,The Sapphire House: Rooftop Deck,,,USD,1177.00,,36.40,,295.00,1213.40,224.95,2025
05/26/2025,06/02/2025,Payout,,,,,,,,"Transfer to Wa Huong, Savings 1608 (USD)",G-DZFVSZLB26FRY,USD,,1202.80,,,,,,
05/26/2025,,Reservation,HM88T99PN2,04/10/2025,05/24/2025,05/28/2025,4,Sydnee Hopkins,Dolly’s Pink Palace: Rooftop Deck,,,USD,1202.80,,37.20,,0.00,1240.00,234.77,2025
05/26/2025,06/02/2025,Payout,,,,,,,,"Transfer to Wa Huong, Savings 1608 (USD)",G-DVWQYD7W2OTPV,USD,,2080.65,,,,,,
05/26/2025,,Reservation,HMXMBNPHKQ,02/11/2025,05/23/2025,05/27/2025,4,Cassandra Whitehead,The Swiftie Suite: Rooftop Deck,,,USD,2080.65,,64.35,,295.00,2145.00,398.81,2025
05/23/2025,05/30/2025,Payout,,,,,,,,"Transfer to Wa Huong, Savings 1608 (USD)",G-JKXJQAXV3JRUP,USD,,1867.25,,,,,,
05/23/2025,,Reservation,HMAR8SZBXD,03/19/2025,05/22/2025,05/26/2025,4,Marisa DeSciscio,The Sapphire House: Rooftop Deck,,,USD,1867.25,,57.75,,295.00,1925.00,358.94,2025
05/19/2025,05/26/2025,Payout,,,,,,,,"Transfer to Wa Huong, Savings 1608 (USD)",G-NR45OGHXNAZI3,USD,,2735.40,,,,,,
05/19/2025,,Reservation,HM8P9CA8TN,03/10/2025,05/16/2025,05/19/2025,3,Ruthie Johnson,The Sapphire House: Rooftop Deck,,,USD,1818.75,,56.25,,295.00,1875.00,347.37,2025
05/19/2025,,Reservation,HMW9J58YNY,05/02/2025,05/16/2025,05/18/2025,2,Valerie Malboeuf,Dolly’s Pink Palace: Rooftop Deck,,,USD,916.65,,28.35,,295.00,945.00,176.29,2025
05/15/2025,05/23/2025,Payout,,,,,,,,"Transfer to Wa Huong, Savings 1608 (USD)",G-BZLMOY6EATEPT,USD,,2575.35,,,,,,
05/15/2025,,Reservation,HMJZMWDZJT,11/24/2024,05/14/2025,05/19/2025,5,Aniko Murphy,The Swiftie Suite: Rooftop Deck,,,USD,2575.35,,79.65,,295.00,2655.00,478.61,2025
05/09/2025,05/16/2025,Payout,,,,,,,,"Transfer to Wa Huong, Savings 1608 (USD)",G-25YWFBECUG6ER,USD,,3257.42,,,,,,
05/09/2025,,Reservation,HM3KXKXHX3,02/18/2025,05/08/2025,05/11/2025,3,Mabel Phillips,The Swiftie Suite: Rooftop Deck,,,USD,1973.95,,61.05,,295.00,2035.00,376.37,2025
05/09/2025,,Reservation,HMASZPFCJB,04/14/2025,05/08/2025,05/11/2025,3,Raven Grant,The Sapphire House: Rooftop Deck,,,USD,1283.47,,39.69,,295.00,1323.16,247.34,2025
05/05/2025,05/12/2025,Payout,,,,,,,,"Transfer to Wa Huong, Savings 1608 (USD)",G-LUJ2XDAY4R2TL,USD,,1285.25,,,,,,
05/05/2025,,Reservation,HMKTHFAY5H,04/12/2025,05/02/2025,05/06/2025,4,Eugenia Almeida,Dolly’s Pink Palace: Rooftop Deck,,,USD,1285.25,,39.75,,0.00,1325.00,250.18,2025
05/02/2025,05/09/2025,Payout,,,,,,,,"Transfer to Wa Huong, Savings 1608 (USD)",G-XGSQTQGMTTTGO,USD,,3996.40,,,,,,
05/02/2025,,Reservation,HMQJ5DSSAS,01/11/2025,05/01/2025,05/04/2025,3,Kassandra Madrid,The Swiftie Suite: Rooftop Deck,,,USD,1973.95,,61.05,,295.00,2035.00,364.76,2025
05/02/2025,,Reservation,HMHAEAW2KB,03/01/2025,05/01/2025,05/04/2025,3,Haley Witherell,The Sapphire House: Rooftop Deck,,,USD,2022.45,,62.55,,295.00,2085.00,385.44,2025
05/02/2025,05/09/2025,Payout,,,,,,,,"Transfer to Wa Huong, Savings 1608 (USD)",G-2MUB3FIUYRJUY,USD,,250.00,,,,,,
05/02/2025,,Resolution Payout,HMHAEAW2KB,,05/01/2025,05/04/2025,3,Haley Witherell,The Sapphire House: Rooftop Deck,Resolution payout for resolution CLA-AK4YYTJYHF - Reservation HMHAEAW2KB,,USD,100.00,,,,,100.00,,2025
05/02/2025,,Resolution Payout,HMQJ5DSSAS,,05/01/2025,05/04/2025,3,Kassandra Madrid,The Swiftie Suite: Rooftop Deck,Resolution payout for resolution CLA-4XNTFD2Z8D - Reservation HMQJ5DSSAS,,USD,150.00,,,,,150.00,,2025
05/01/2025,05/08/2025,Payout,,,,,,,,"Transfer to Wa Huong, Savings 1608 (USD)",G-SICJEIKDAKCYJ,USD,,601.40,,,,,,
05/01/2025,,Reservation,HMTR4CDCFF,04/03/2025,04/29/2025,05/02/2025,3,Tina Harrill,Dolly’s Pink Palace: Rooftop Deck,,,USD,601.40,,18.60,,0.00,620.00,119.88,2025
04/28/2025,05/05/2025,Payout,,,,,,,,"Transfer to Wa Huong, Savings 1608 (USD)",G-WL2GZXARA4AAU,USD,,1042.75,,,,,,
04/28/2025,,Reservation,HM9RSC4KRF,04/26/2025,04/26/2025,04/30/2025,4,Veronica Protsenko,The Sapphire House: Rooftop Deck,,,USD,1042.75,,32.25,,295.00,1075.00,204.86,2025
04/28/2025,05/05/2025,Payout,,,,,,,,"Transfer to Wa Huong, Savings 1608 (USD)",G-7JXDZN7SZ63FT,USD,,3302.85,,,,,,
04/28/2025,,Reservation,HMFKT4HMAY,03/18/2025,04/25/2025,04/28/2025,3,Samantha Jahn,The Swiftie Suite: Rooftop Deck,,,USD,2371.65,,73.35,,295.00,2445.00,450.69,2025
04/28/2025,,Reservation,HMQCJ8MS24,04/02/2025,04/25/2025,04/27/2025,2,Cory Patterson,Dolly’s Pink Palace: Rooftop Deck,,,USD,931.20,,28.80,,0.00,960.00,179.01,2025
04/28/2025,05/05/2025,Payout,,,,,,,,"Transfer to Wa Huong, Savings 1608 (USD)",G-P555Z5WGXRWB7,USD,,100.00,,,,,,
04/28/2025,,Resolution Payout,HMFKT4HMAY,,04/25/2025,04/28/2025,3,Samantha Jahn,The Swiftie Suite: Rooftop Deck,Resolution payout for resolution CLA-P89TNBZ9M5 - Reservation HMFKT4HMAY,,USD,100.00,,,,,100.00,,2025
04/22/2025,04/30/2025,Payout,,,,,,,,"Transfer to Wa Huong, Savings 1608 (USD)",G-FLXIKACSVNYDI,USD,,1663.55,,,,,,
04/22/2025,,Reservation,HMWM3HZC53,02/01/2025,04/21/2025,04/26/2025,5,Chastity Davis,The Sapphire House: Rooftop Deck,,,USD,1663.55,,51.45,,295.00,1715.00,323.37,2025
04/18/2025,04/25/2025,Payout,,,,,,,,"Transfer to Wa Huong, Savings 1608 (USD)",G-BKUQJ6KOQX3SA,USD,,1430.75,,,,,,
04/18/2025,,Reservation,HMEF4KHTAA,03/08/2025,04/17/2025,04/20/2025,3,Doug DiMarino,The Swiftie Suite: Rooftop Deck,,,USD,1430.75,,44.25,,295.00,1475.00,274.87,2025
04/11/2025,04/18/2025,Payout,,,,,,,,"Transfer to Wa Huong, Savings 1608 (USD)",G-M7RIDAXRKIQ6I,USD,,4298.07,,,,,,
04/11/2025,,Reservation,HMKCK9DSWC,12/10/2024,04/10/2025,04/13/2025,3,DeShea Downing,The Swiftie Suite: Rooftop Deck,,,USD,1926.42,,59.58,,0.00,1986.00,356.16,2025
04/11/2025,,Reservation,HM8DFCE4TA,03/14/2025,04/10/2025,04/13/2025,3,Janice Foster,The Sapphire House: Rooftop Deck,,,USD,1450.15,,44.85,,295.00,1495.00,278.49,2025
04/11/2025,,Reservation,HM2P8ER4ZH,04/08/2025,04/10/2025,04/13/2025,3,Tracy Sparks,Dolly’s Pink Palace: Rooftop Deck,,,USD,921.50,,28.50,,0.00,950.00,179.70,2025
04/07/2025,04/14/2025,Payout,,,,,,,,"Transfer to Wa Huong, Savings 1608 (USD)",G-C5PWAGCGB7V73,USD,,843.90,,,,,,
04/07/2025,,Reservation,HM3KBPRWCF,03/20/2025,04/05/2025,04/07/2025,2,Neichel Small Craig,The Sapphire House: Rooftop Deck,,,USD,843.90,,26.10,,295.00,870.00,162.70,2025
04/04/2025,04/11/2025,Payout,,,,,,,,"Transfer to Wa Huong, Savings 1608 (USD)",G-5QETGWZKZZRMQ,USD,,704.46,,,,,,
04/04/2025,,Reservation,HMBADMFWHN,04/03/2025,04/03/2025,04/05/2025,2,Flores Esquivel Brasil Emanuel,The Sapphire House: Rooftop Deck,,,USD,704.46,,21.79,,295.00,726.25,136.64,2025
03/28/2025,04/04/2025,Payout,,,,,,,,"Transfer to Wa Huong, Savings 1608 (USD)",G-VZYYKG4ODP3W7,USD,,2992.45,,,,,,
03/28/2025,,Reservation,HMNM9PW5FA,01/13/2025,03/27/2025,03/30/2025,3,Clarissa Alcazar,The Swiftie Suite: Rooftop Deck,,,USD,1571.40,,48.60,,295.00,1620.00,291.91,2025
03/28/2025,,Reservation,HMAWQQFFJF,02/04/2025,03/27/2025,03/30/2025,3,Danielle Mielnicki,The Sapphire House: Rooftop Deck,,,USD,1421.05,,43.95,,295.00,1465.00,273.05,2025
03/24/2025,03/31/2025,Payout,,,,,,,,"Transfer to Wa Huong, Savings 1608 (USD)",G-KOQUM6LO5GR3J,USD,,1256.15,,,,,,
03/24/2025,,Reservation,HMX5E24RHJ,02/07/2025,03/21/2025,03/23/2025,2,Kerri Derbak,The Sapphire House: Rooftop Deck,,,USD,1256.15,,38.85,,295.00,1295.00,239.74,2025
03/24/2025,03/31/2025,Payout,,,,,,,,"Transfer to Wa Huong, Savings 1608 (USD)",G-AP6FELRJBKLEV,USD,,100.00,,,,,,
03/24/2025,,Resolution Payout,HMX5E24RHJ,,03/21/2025,03/23/2025,2,Kerri Derbak,The Sapphire House: Rooftop Deck,Resolution payout for resolution CLA-SNEFD329FM - Reservation HMX5E24RHJ,,USD,100.00,,,,,100.00,,2025
03/20/2025,03/28/2025,Payout,,,,,,,,"Transfer to Wa Huong, Savings 1608 (USD)",G-ARSPEILNBNZUB,USD,,1687.80,,,,,,
03/20/2025,,Reservation,HMKCHMNAQZ,01/31/2025,03/19/2025,03/23/2025,4,Kenzly Weddle,The Swiftie Suite: Rooftop Deck,,,USD,1687.80,,52.20,,295.00,1740.00,315.47,2025
03/17/2025,03/24/2025,Payout,,,,,,,,"Transfer to Wa Huong, Savings 1608 (USD)",G-5QPL2TMUCFJ7Y,USD,,780.85,,,,,,
03/17/2025,,Reservation,HM933EKCM2,03/02/2025,03/14/2025,03/16/2025,2,Vernisa Pope,The Sapphire House: Rooftop Deck,,,USD,780.85,,24.15,,295.00,805.00,150.92,2025
03/14/2025,03/21/2025,Payout,,,,,,,,"Transfer to Wa Huong, Savings 1608 (USD)",G-FJKGYVIPN7GK6,USD,,1571.40,,,,,,
03/14/2025,,Reservation,HMA35S3AED,02/04/2025,03/13/2025,03/17/2025,4,Grace Mlynek,The Swiftie Suite: Rooftop Deck,,,USD,1571.40,,48.60,,295.00,1620.00,303.65,2025
03/10/2025,03/17/2025,Payout,,,,,,,,"Transfer to Wa Huong, Savings 1608 (USD)",G-BKAQMEXF5VWFO,USD,,959.09,,,,,,
03/10/2025,,Reservation,HMYXRJZDHN,02/23/2025,03/07/2025,03/10/2025,3,Reva Claybrook,The Sapphire House: Rooftop Deck,,,USD,959.09,,29.66,,295.00,988.75,186.73,2025
02/28/2025,03/07/2025,Payout,,,,,,,,"Transfer to Wa Huong, Savings 1608 (USD)",G-TX2I5WHTG6VRH,USD,,2425.78,,,,,,
02/28/2025,,Reservation,HMSEWMZEB2,02/05/2025,02/26/2025,03/02/2025,4,Kaydin Alexander,The Sapphire House: Rooftop Deck,,,USD,1169.63,,36.17,,295.00,1205.80,228.57,2025
02/28/2025,,Reservation,HMHN4NC43N,01/10/2025,02/26/2025,03/02/2025,4,Mindy Nevarez,The Swiftie Suite: Rooftop Deck,,,USD,1256.15,,38.85,,295.00,1295.00,237.35,2025
02/24/2025,03/03/2025,Payout,,,,,,,,"Transfer to Wa Huong, Savings 1608 (USD)",G-53KHR2XAWCKRF,USD,,98.94,,,,,,
02/24/2025,,Reservation,HMZW8ADP2A,02/22/2025,02/22/2025,02/23/2025,1,Bo Warren,The Sapphire House: Rooftop Deck,,,USD,98.94,,3.06,,0.00,102.00,20.99,2025
02/22/2025,02/28/2025,Payout,,,,,,,,"Transfer to Wa Huong, Savings 1608 (USD)",G-K6RTCBGLEX4ZO,USD,,1740.18,,,,,,
02/22/2025,,Reservation,HM2E32MFHM,02/07/2025,02/20/2025,02/22/2025,2,Bo Warren,The Sapphire House: Rooftop Deck,,,USD,648.93,,20.07,,295.00,669.00,126.27,2025
02/22/2025,,Reservation,HMQASY9QFY,01/15/2025,02/20/2025,02/24/2025,4,Joshua Mora,The Swiftie Suite: Rooftop Deck,,,USD,1091.25,,33.75,,295.00,1125.00,207.50,2025
02/17/2025,02/24/2025,Payout,,,,,,,,"Transfer to Wa Huong, Savings 1608 (USD)",G-62PPOND5ATBNL,USD,,828.14,,,,,,
02/17/2025,,Reservation,HMNNJNJY28,02/13/2025,02/14/2025,02/17/2025,3,Spenche Hampton,The Sapphire House: Rooftop Deck,,,USD,664.45,,20.55,,295.00,685.00,130.18,2025
02/17/2025,,Reservation,HMNNJNJY28,02/13/2025,02/14/2025,02/17/2025,3,Spenche Hampton,The Sapphire House: Rooftop Deck,,,USD,163.69,,5.06,,0.00,168.75,32.07,2025
02/15/2025,02/21/2025,Payout,,,,,,,,"Transfer to Wa Huong, Savings 1608 (USD)",G-J5SIFA6NNFCWS,USD,,1256.15,,,,,,
02/15/2025,,Reservation,HMBPYHNKTN,12/20/2024,02/13/2025,02/17/2025,4,Stephanie Ravelo,The Swiftie Suite: Rooftop Deck,,,USD,1256.15,,38.85,,295.00,1295.00,237.35,2025
02/10/2025,02/17/2025,Payout,,,,,,,,"Transfer to Wa Huong, Savings 1608 (USD)",G-E3IJSVPJA7HEC,USD,,9.70,,,,,,
02/10/2025,,Reservation,HM8CWWEXX8,02/04/2025,02/08/2025,02/10/2025,2,Shaun Mortimer,The Sapphire House: Rooftop Deck,,,USD,9.70,,0.30,,0.00,10.00,6.81,2025
01/27/2025,02/03/2025,Payout,,,,,,,,"Transfer to Wa Huong, Savings 1608 (USD)",G-DMKCQ2W7DBT4Q,USD,,722.65,,,,,,
01/27/2025,,Reservation,HM852DHEQA,12/19/2024,01/24/2025,01/26/2025,2,Jordan Wilson,The Swiftie Suite: Rooftop Deck,,,USD,722.65,,22.35,,295.00,745.00,135.79,2025
01/20/2025,01/27/2025,Payout,,,,,,,,"Transfer to Wa Huong, Savings 1608 (USD)",G-IAFVURHWWO3HZ,USD,,722.65,,,,,,
01/20/2025,,Reservation,HMRK55ERFS,12/16/2024,01/17/2025,01/19/2025,2,Taylor Vanis,The Swiftie Suite: Rooftop Deck,,,USD,722.65,,22.35,,295.00,745.00,135.79,2025
12/30/2024,01/06/2025,Payout,,,,,,,,"Transfer to Wa Huong, Savings 1608 (USD)",G-JFFSGKUB22QQU,USD,,1519.99,,,,,,
12/30/2024,,Reservation,HMCYX25ZP2,11/23/2024,12/27/2024,12/31/2024,4,Juliet Carter,The Swiftie Suite: Rooftop Deck,,,USD,1519.99,,47.01,,295.00,1567.00,285.10,2024
12/14/2024,12/20/2024,Payout,,,,,,,,"Transfer to Wa Huong, Savings 1608 (USD)",G-IKX73TBSAVYN6,USD,,66.93,,,,,,
12/14/2024,,Reservation,HMYNE52EMB,12/09/2024,12/12/2024,12/16/2024,4,Wendy Pruyn,The Swiftie Suite: Rooftop Deck,,,USD,66.93,,2.07,,0.00,69.00,22.11,2024
